player_id,matches_played,starts,minutes_played,goals,assists,yellow_cards,red_cards
1,3,1,86,0,0,0,0
2,4,1,120,0,0,2,0
3,1,1,65,0,0,1,0
4,6,0,88,0,0,1,0
5,1,0,3,0,0,0,0
6,16,11,1033,0,0,2,0
7,32,32,2842,6,1,4,0
8,12,10,855,0,0,2,0
9,25,17,1393,5,2,2,0
10,4,2,205,0,1,0,0
11,35,20,2074,2,0,3,0
12,7,4,263,0,0,1,0
13,1,0,7,0,0,0,0
14,34,33,2768,9,2,3,0
15,19,12,1090,1,1,1,0
16,26,22,1901,7,2,4,0
17,29,29,2463,0,1,13,0
18,1,0,1,0,0,0,0
19,28,12,1183,3,4,1,0
20,1,0,5,0,0,0,0
21,23,20,1710,0,1,0,0
22,4,2,170,0,0,1,0
23,4,1,134,0,0,0,0
24,15,13,1075,3,1,2,0
25,36,30,2652,9,3,2,0
26,28,21,1965,0,3,7,0
27,25,19,1545,2,2,5,1
28,22,15,1409,1,1,4,0
29,1,0,26,0,0,0,0
30,25,17,1433,7,6,4,0
31,29,12,1097,2,2,0,0
32,20,6,766,2,0,3,0
33,25,14,1219,4,6,3,1
34,19,19,1710,0,0,3,0
35,1,0,1,0,0,1,0
36,6,0,42,0,0,0,0
37,14,9,724,0,0,2,0
38,32,17,1639,3,1,3,0
39,16,16,1410,1,0,3,0
40,14,14,1260,0,0,3,0
41,2,0,6,0,0,0,0
42,8,1,300,1,0,1,0
43,14,14,1206,0,0,1,1
44,35,24,2114,1,3,5,1
45,22,21,1751,3,0,1,0
46,16,4,443,0,1,3,0
47,2,0,5,0,0,0,0
48,21,21,1760,0,0,5,0
49,16,13,1124,1,2,4,0
50,3,0,58,0,0,0,0
51,6,3,270,0,0,0,0
52,5,0,43,0,0,0,0
53,26,26,1959,2,0,7,0
54,8,6,583,0,0,0,0
55,1,0,2,0,0,0,0
56,5,1,127,0,0,0,0
57,35,35,2995,2,1,5,0
58,37,37,3109,4,7,7,1
59,2,0,13,0,0,0,0
60,24,17,1438,0,0,5,0
61,31,29,2495,13,2,5,0
62,26,23,2014,0,0,3,0
63,9,6,500,0,0,2,0
64,10,8,678,0,0,0,0
65,11,7,584,1,0,1,0
66,30,29,2523,2,3,5,0
67,32,27,2406,5,10,2,0
68,2,0,19,0,0,1,0
69,31,29,2486,0,1,7,0
70,14,12,966,0,0,4,0
71,4,0,45,0,0,0,0
72,32,23,2220,0,0,3,0
73,14,6,639,3,1,0,0
74,7,4,317,0,0,1,0
75,3,1,160,0,0,0,0
76,14,0,62,1,0,0,0
77,15,14,1188,0,0,5,0
78,1,0,10,0,0,0,0
79,15,7,764,2,3,4,0
80,34,34,2971,1,0,8,0
81,10,5,452,0,0,1,0
82,14,13,1090,0,2,1,0
83,2,1,91,0,0,1,0
84,33,28,2365,3,6,5,0
85,26,14,1371,5,2,1,1
86,27,21,1621,3,4,2,0
87,3,0,71,0,0,0,0
88,28,28,2508,0,0,0,0
89,1,0,2,0,0,1,0
90,28,23,1750,1,3,3,0
91,1,0,9,0,0,0,1
92,16,9,951,1,4,3,0
93,34,24,1977,0,4,2,0
94,2,0,48,0,1,0,0
95,9,1,157,0,0,0,0
96,29,10,1112,1,1,5,0
97,31,29,2647,3,0,10,2
98,12,8,753,0,0,2,0
99,22,19,1630,0,0,6,0
100,32,22,1972,0,1,4,0
101,1,0,2,0,0,0,0
102,28,20,1772,0,1,9,1
103,26,16,1572,4,3,6,0
104,37,30,2509,17,4,5,0
105,21,20,1781,1,0,4,0
106,12,1,236,0,0,1,0
107,1,0,1,0,0,0,0
108,24,18,1376,3,1,6,0
109,5,4,346,0,0,0,0
110,13,5,375,0,1,1,0
111,11,8,790,0,0,2,0
112,8,1,96,0,0,1,0
113,30,23,2165,1,0,5,0
114,30,27,2437,1,3,3,0
115,30,30,2473,7,5,9,2
116,2,0,28,0,0,1,0
117,9,3,320,2,0,0,0
118,1,0,8,0,0,0,0
119,17,9,859,0,0,2,0
120,31,29,2467,10,9,6,0
121,2,2,180,0,0,0,0
122,1,1,90,0,0,1,0
123,29,29,2583,0,0,6,1
124,37,33,2728,2,6,10,0
125,33,31,2472,0,0,7,0
126,30,30,2692,0,3,12,0
127,22,14,1188,1,2,5,0
128,23,19,1598,2,2,7,0
129,38,36,3177,2,1,1,0
130,1,0,6,0,0,0,0
131,22,14,1114,2,3,3,0
132,26,22,1949,2,2,4,0
133,2,0,28,0,0,0,0
134,3,2,139,0,0,0,0
135,14,11,836,1,1,1,0
136,26,13,1022,0,1,3,0
137,8,0,141,0,0,0,0
138,17,15,1362,5,2,2,1
139,26,21,1720,2,0,7,0
140,29,22,2128,0,1,2,0
141,2,2,177,0,0,0,0
142,35,31,2661,10,0,10,0
143,35,28,2460,1,1,8,0
144,12,7,497,0,0,2,0
145,12,11,754,1,1,3,0
146,35,13,1441,2,0,0,0
147,28,25,2047,0,1,3,0
148,26,25,2260,0,0,0,0
149,1,0,19,0,0,0,0
150,36,35,3079,0,3,9,0
151,1,0,7,0,0,0,0
152,32,21,2013,3,0,1,0
153,20,15,1248,2,2,4,0
154,3,0,48,0,0,1,0
155,15,1,133,0,0,0,0
156,25,21,1755,5,3,3,0
157,17,5,527,4,2,1,0
158,28,27,2356,3,5,7,1
159,23,3,713,2,0,8,1
160,1,1,90,0,0,0,0
161,31,31,2790,0,0,3,0
162,20,7,752,0,1,1,0
163,21,13,1054,2,1,0,0
164,23,18,1670,0,1,3,0
165,13,9,743,3,1,2,0
166,12,8,618,2,4,0,0
167,21,10,980,2,2,4,0
168,30,19,1745,10,5,6,1
169,27,15,1405,3,1,2,0
170,32,27,2357,3,4,9,0
171,12,0,98,0,0,0,0
172,34,33,2854,1,0,7,0
173,27,12,1251,0,1,5,0
174,26,26,2307,0,0,2,0
175,8,8,720,0,0,0,0
176,38,30,2713,0,7,3,0
177,28,15,1625,3,2,1,0
178,26,16,1553,3,2,4,0
179,1,1,90,0,0,0,0
180,19,6,677,2,0,5,1
181,26,3,416,1,0,0,0
182,34,22,1965,2,1,3,0
183,26,4,575,2,0,0,0
184,27,15,1453,4,1,2,0
185,1,0,21,0,0,1,0
186,30,19,1638,5,0,5,0
187,24,17,1588,8,1,4,0
188,1,0,24,0,0,1,0
189,13,10,876,0,0,1,0
190,2,0,17,0,0,0,0
191,14,10,875,1,0,1,0
192,6,5,426,0,0,2,0
193,2,0,19,0,0,0,0
194,1,0,48,0,0,0,0
195,30,11,1186,4,2,2,0
196,3,0,31,0,0,0,0
197,5,0,91,0,0,1,0
198,32,31,2686,1,1,7,1
199,23,21,1472,1,0,2,0
200,5,3,334,0,0,0,0
201,32,30,2595,7,9,9,0
202,12,10,864,0,0,1,0
203,10,8,686,0,0,2,0
204,24,14,1139,1,2,3,0
205,12,8,617,0,0,2,1
206,29,11,939,2,1,1,0
207,14,12,969,1,0,4,0
208,25,6,710,2,2,4,0
209,1,0,22,0,0,0,0
210,24,14,1139,3,2,3,1
211,2,0,14,0,0,1,0
212,15,14,1170,2,1,2,0
213,19,15,1275,2,3,1,0
214,30,29,2497,6,8,4,0
215,31,5,832,1,1,2,0
216,32,26,2284,0,4,2,0
217,11,8,638,2,0,2,0
218,34,31,2661,3,1,8,1
219,27,27,2273,0,0,9,1
220,25,12,1200,0,0,3,0
221,10,9,589,0,0,0,0
222,29,23,2053,0,1,5,0
223,13,7,615,4,0,0,0
224,6,0,62,0,0,2,0
225,19,16,1510,0,0,2,0
226,12,10,811,0,1,1,0
227,2,0,10,0,0,0,0
228,5,0,27,0,0,0,0
229,15,6,610,0,1,1,0
230,11,4,407,0,0,1,0
231,20,19,1507,0,0,3,0
232,8,2,278,0,0,2,0
233,12,0,116,0,0,1,0
234,5,0,49,0,0,0,0
235,1,1,54,0,0,0,0
236,7,5,431,0,0,0,0
237,7,3,288,0,0,0,0
238,14,14,1157,0,2,2,0
239,34,27,2181,14,10,2,0
240,24,22,1938,2,1,4,2
241,32,28,2456,3,6,4,0
242,6,0,56,0,0,0,0
243,1,1,9,0,0,0,0
244,1,0,2,0,0,0,0
245,15,3,315,0,1,3,0
246,20,3,581,3,1,3,0
247,4,0,73,0,0,0,0
248,33,17,1755,9,4,0,0
249,30,26,2191,1,2,6,0
250,30,14,1263,1,3,6,0
251,31,28,2330,1,4,4,1
252,35,25,2323,11,4,4,0
253,4,1,118,0,0,0,1
254,25,23,2099,2,1,2,0
255,38,38,3420,2,0,3,0
256,2,1,22,0,0,0,0
257,35,34,3074,1,0,7,0
258,1,0,4,0,0,0,0
259,32,30,2333,1,5,6,1
260,32,32,2880,0,0,6,0
261,10,3,300,3,0,2,0
262,25,22,2016,1,0,3,1
263,11,8,658,0,0,1,0
264,28,28,2520,0,0,1,0
265,31,18,1610,2,1,5,0
266,5,2,183,0,0,1,0
267,4,4,360,0,0,0,0
268,1,0,9,0,0,0,0
269,32,18,1598,4,1,1,0
270,22,11,995,2,1,1,1
271,30,28,2445,0,2,2,0
272,30,30,2531,2,0,7,0
273,26,16,1421,2,2,5,0
274,1,0,29,0,0,0,0
275,18,0,170,1,0,2,0
276,29,17,1591,8,5,2,0
277,1,0,8,0,0,0,0
278,5,0,69,0,0,2,0
279,22,17,1658,0,2,6,1
280,6,1,198,0,0,0,1
281,22,21,1792,0,1,1,0
282,29,16,1523,1,1,4,0
283,18,15,1436,0,1,4,0
284,4,2,331,0,0,0,0
285,1,1,87,0,0,0,0
286,34,27,2402,0,9,3,0
287,35,20,1677,2,7,3,0
288,9,6,580,0,2,1,0
289,31,29,2488,9,8,5,1
290,5,1,68,0,0,1,0
291,18,7,593,2,0,1,0
292,34,29,2421,2,1,3,0
293,32,20,1864,5,4,6,0
294,33,19,1750,6,3,0,0
295,18,6,487,1,1,3,0
296,9,2,214,0,0,0,0
297,23,3,589,2,1,4,0
298,2,0,37,0,0,0,0
299,6,4,300,0,0,2,0
300,12,8,646,0,2,2,0
301,13,9,735,1,3,0,0
302,31,23,2022,1,6,6,0
303,10,3,329,1,0,0,0
304,26,21,1645,2,0,9,0
305,2,2,180,0,0,0,0
306,25,22,2011,1,0,6,0
307,30,22,2044,0,2,5,0
308,36,28,2339,6,7,5,0
309,31,26,2224,0,0,6,0
310,27,11,1212,0,1,3,0
311,17,7,716,0,1,5,0
312,11,3,333,1,1,1,0
313,2,0,40,0,0,1,0
314,21,18,1453,1,1,1,0
315,3,3,242,0,0,2,0
316,21,19,1782,0,0,5,0
317,10,1,212,0,1,0,0
318,14,9,699,0,1,0,0
319,11,9,763,0,0,4,1
320,14,7,594,1,0,2,0
321,19,15,1263,7,2,3,0
322,30,29,2482,0,1,1,0
323,30,29,2565,5,2,11,0
324,19,11,1063,0,0,8,1
325,4,4,360,0,0,0,0
326,12,0,212,0,1,0,0
327,30,15,1534,8,0,2,0
328,35,33,3012,0,1,1,0
329,34,29,2600,1,0,9,0
330,1,0,18,0,0,0,0
331,16,16,1228,13,2,0,0
332,34,34,2963,1,0,13,1
333,12,3,356,2,1,0,0
334,10,1,184,0,0,1,0
335,10,1,197,1,0,1,0
336,15,13,1158,0,0,0,0
337,8,5,433,1,0,1,0
338,21,18,1468,3,0,2,0
339,31,30,2559,5,2,5,0
340,28,16,1408,2,0,7,0
341,27,10,982,2,1,3,0
342,17,15,1336,1,0,2,0
343,32,32,2880,0,0,4,0
344,9,1,165,0,0,2,0
345,35,32,2727,0,1,11,1
346,29,26,2293,6,8,6,0
347,34,31,2780,0,2,2,0
348,19,11,1042,9,1,2,0
349,17,8,733,3,0,5,0
350,3,0,16,0,0,0,0
351,1,0,6,0,0,0,0
352,13,6,593,0,2,1,0
353,21,12,1054,1,2,0,0
354,8,5,476,0,0,2,0
355,3,1,166,0,0,0,0
356,18,13,1101,0,0,3,0
357,6,1,150,0,0,1,0
358,27,25,2192,0,0,3,1
359,20,19,1618,0,0,5,1
360,4,3,162,0,0,1,0
361,19,12,1008,8,1,2,0
362,3,0,65,0,0,0,0
363,37,30,2529,6,4,2,0
364,15,8,788,2,1,2,0
365,8,6,412,0,0,1,0
366,3,1,97,0,0,0,0
367,24,11,1151,0,1,2,0
368,26,11,1099,3,3,2,0
369,25,20,1772,1,0,6,0
370,29,27,2435,2,3,9,0
371,25,19,1646,2,0,1,0
372,2,2,122,1,0,0,0
373,1,1,80,1,0,0,0
374,11,10,836,1,2,3,0
375,34,34,2973,13,8,1,0
376,34,33,2987,2,0,5,0
377,3,3,270,0,0,0,0
378,28,24,1933,1,0,6,0
379,19,7,754,0,2,4,0
380,2,1,76,0,0,0,0
381,30,28,2303,5,10,1,0
382,30,28,2511,0,1,4,0
383,30,15,1617,1,2,4,0
384,12,9,779,0,0,3,0
385,14,14,1234,1,1,1,0
386,8,3,268,0,0,3,1
387,29,4,682,2,1,3,0
388,17,13,1075,0,1,0,0
389,2,2,120,0,1,0,0
390,6,6,540,0,0,2,0
391,9,5,386,1,2,0,0
392,10,4,449,0,0,1,0
393,29,9,991,4,2,1,0
394,13,2,350,2,0,0,0
395,1,0,1,0,0,0,0
396,18,7,702,2,0,1,0
397,10,4,334,0,0,1,0
398,29,9,960,2,0,3,0
399,6,3,362,0,0,0,0
400,33,15,1390,1,3,1,0
401,26,22,1947,3,6,2,0
402,12,3,400,2,2,0,0
403,15,3,414,1,0,1,0
404,6,0,95,0,0,0,0
405,13,4,416,1,2,2,0
406,38,34,2952,21,4,4,0
407,12,0,98,0,0,1,0
408,11,3,257,2,0,0,0
409,9,1,140,1,0,0,0
410,29,18,1687,0,0,2,0
411,1,0,7,0,0,0,0
412,25,22,1729,7,2,4,0
413,31,14,1523,5,2,8,0
414,22,22,1924,1,0,2,0
415,18,16,1541,0,2,0,0
416,29,28,2109,18,2,0,0
417,25,9,908,5,0,4,0
418,37,37,3330,1,1,11,0
419,4,0,28,0,0,0,0
420,18,12,926,0,1,1,0
421,23,15,1396,0,1,1,0
422,33,28,2518,2,0,4,0
423,27,24,1970,0,1,5,0
424,19,18,1666,0,0,0,0
425,1,0,7,0,0,0,0
426,34,34,3060,0,0,0,0
427,10,0,163,1,0,0,0
428,6,2,188,0,0,1,0
429,23,12,1011,1,2,1,0
430,33,32,2869,4,2,4,1
431,33,24,2230,2,4,6,0
432,2,0,31,0,0,0,0
433,33,33,2684,1,7,6,0
434,15,9,732,1,0,3,1
435,38,38,3351,1,2,11,0
436,25,3,628,2,0,3,1
437,30,25,1959,1,1,2,0
438,11,7,632,0,1,3,0
439,7,4,316,0,0,0,0
440,19,11,983,2,1,4,0
441,14,10,876,0,0,5,0
442,21,6,715,1,0,1,0
443,19,17,1584,1,0,8,0
444,28,25,1879,5,6,5,0
445,26,19,1609,3,1,2,0
446,21,1,447,0,0,3,0
447,4,0,20,0,0,0,0
448,29,25,2054,2,7,10,1
449,34,31,2659,5,3,5,0
450,3,3,252,0,0,1,0
451,10,1,206,0,0,0,0
452,19,11,1102,1,2,2,0
453,18,4,620,1,3,0,0
454,33,25,2221,2,3,4,0
455,2,0,26,0,0,0,0
456,23,14,1134,3,2,2,0
457,25,15,1189,0,3,5,0
458,3,0,25,0,0,0,0
459,4,0,22,0,0,0,0
460,31,23,2105,3,0,4,1
461,8,2,259,0,0,0,0
462,27,19,1424,3,0,2,1
463,17,17,1530,1,1,4,0
464,14,12,1008,0,1,2,0
465,12,12,906,0,0,1,0
466,17,2,370,0,1,3,0
467,18,12,1106,0,0,2,0
468,16,3,483,0,0,4,0
469,34,18,1651,3,2,3,0
470,18,18,1620,0,0,0,0
471,4,3,325,0,0,0,0
472,1,0,11,0,0,0,0
473,1,0,6,0,0,0,0
474,18,15,1087,2,3,4,0
475,9,6,573,0,0,1,0
476,2,0,9,0,0,0,0
477,26,25,2191,0,1,5,0
478,8,3,226,0,0,2,0
479,4,1,103,0,0,1,0
480,6,6,540,0,0,0,0
481,16,5,606,1,1,1,0
482,15,13,1063,5,3,2,0
483,11,0,132,0,0,2,0
484,35,34,2945,1,7,11,0
485,28,24,2144,3,1,4,0
486,5,4,380,0,0,0,0
487,5,4,417,0,0,0,0
488,10,8,830,0,0,1,0
489,1,0,11,0,0,0,0
490,35,35,2942,0,0,11,0
491,34,34,3060,0,0,1,0
492,23,19,1656,0,4,1,0
493,8,7,609,1,0,1,0
494,19,3,455,2,1,1,0
495,14,6,484,0,0,1,0
496,15,13,1017,1,1,1,0
497,23,20,1611,1,3,4,1
498,15,9,900,0,1,1,0
499,2,2,135,0,0,0,0
500,24,18,1494,1,0,5,0
501,1,0,1,0,0,0,0
502,27,24,2070,1,1,7,0
503,2,0,20,0,0,0,0
504,27,23,1997,4,4,5,0
505,2,0,14,0,0,0,0
506,32,31,2696,1,3,11,0
507,24,17,1649,0,1,1,0
508,29,28,2384,10,3,9,1
509,30,30,2620,0,0,5,1
510,36,27,2294,8,4,7,0
511,12,7,596,0,0,0,0
512,9,1,148,0,0,0,0
513,24,22,1712,3,0,1,0
514,35,35,3074,1,3,11,0
515,1,1,90,0,0,0,0
516,2,0,34,0,0,1,0
517,23,15,1215,0,0,4,0
518,7,0,60,0,0,1,0
519,31,27,2256,0,2,5,0
520,7,3,265,0,0,0,0
521,5,0,87,0,0,0,0
522,7,4,273,0,0,1,0
523,31,27,2269,3,1,11,1
524,21,13,1130,0,0,2,1
525,26,10,1013,1,3,2,0
526,12,12,1060,3,0,1,0
527,13,11,910,0,1,2,0
528,3,0,24,0,0,0,0
529,22,10,857,1,1,2,0
530,27,27,2416,1,0,6,0
531,10,0,271,1,2,1,0
532,2,1,130,0,0,0,0
533,12,7,734,0,0,1,0
534,34,28,2585,0,1,3,0
535,26,24,2185,1,0,8,0
536,10,7,596,1,0,1,0
537,1,0,12,0,0,0,0
538,22,5,640,1,1,3,0
539,2,0,12,0,0,0,0
540,4,2,181,0,0,2,0
541,7,3,324,0,0,0,0
542,30,22,2041,8,11,3,0
543,4,0,45,0,0,1,0
544,34,34,3060,0,0,0,0
545,16,3,379,1,0,0,0
546,14,2,302,0,1,0,0
547,1,1,90,0,0,0,0
548,6,1,108,0,0,0,0
549,8,1,259,1,0,1,0
550,1,0,7,0,0,0,0
551,8,1,146,0,0,2,0
552,30,28,2348,0,2,6,0
553,26,23,1892,1,0,5,0
554,4,1,131,0,0,0,0
555,5,2,254,0,0,3,0
556,29,27,2117,2,3,9,0
557,10,1,253,1,0,1,0
558,26,9,925,3,2,0,0
559,1,0,1,0,0,0,0
560,27,27,2335,0,0,1,0
561,1,0,9,0,0,0,0
562,6,6,540,0,0,1,0
563,33,25,2140,4,1,12,0
564,2,0,9,0,0,0,0
565,14,14,1121,1,0,4,0
566,34,31,2435,3,1,3,1
567,2,0,5,0,0,0,0
568,21,12,1111,1,1,1,0
569,7,4,379,0,0,3,1
570,32,12,1181,0,4,2,0
571,28,25,2109,9,2,4,0
572,28,27,2303,3,8,7,0
573,4,2,163,0,0,0,0
574,13,5,483,0,0,1,0
575,22,19,1714,1,0,3,0
576,20,10,951,0,1,3,2
577,32,32,2845,2,0,10,0
578,5,3,215,0,0,1,0
579,38,38,3420,2,3,5,0
580,24,15,1489,1,1,4,0
581,6,0,179,0,0,0,0
582,37,26,2233,6,2,5,1
583,24,17,1432,2,1,1,0
584,35,35,3149,2,1,9,0
585,9,2,263,1,0,2,0
586,28,14,1282,5,4,0,0
587,25,21,1779,0,0,6,0
588,35,30,2560,4,2,7,0
589,32,23,2110,1,0,5,0
590,26,12,1340,3,3,5,1
591,22,22,1962,0,1,2,0
592,22,9,847,1,0,8,0
593,1,0,3,0,0,0,0
594,29,4,892,1,1,2,0
595,36,32,2978,1,3,8,1
596,25,16,1528,0,0,6,0
597,34,33,2927,2,0,10,0
598,6,3,224,1,1,1,0
599,2,0,15,0,0,0,0
600,21,17,1420,0,0,9,2
601,2,1,72,0,0,1,0
602,7,2,246,2,1,0,0
603,11,7,576,0,0,2,0
604,31,3,805,4,1,3,1
605,19,6,731,2,2,3,0
606,11,9,768,0,0,1,0
607,9,3,357,0,1,3,0
608,19,12,1006,1,1,4,0
609,25,25,2006,0,1,0,0
610,11,3,352,0,0,0,1
611,32,28,2587,2,1,3,0
612,1,1,90,0,0,0,0
613,32,31,2649,0,2,10,1
614,2,2,180,0,0,0,0
615,22,11,1067,0,0,5,0
616,38,30,2667,1,0,3,0
617,3,0,45,1,0,0,0
618,1,0,8,0,0,0,0
619,7,5,438,0,0,1,0
620,25,17,1485,3,0,4,2
621,4,1,109,0,0,1,0
622,14,12,1084,0,1,1,1
623,8,3,309,0,0,0,0
624,30,30,2700,0,0,1,0
625,21,8,895,0,0,5,0
626,27,23,2051,1,0,3,1
627,18,10,824,0,0,3,0
628,31,29,2592,3,1,5,0
629,30,23,2045,4,2,8,0
630,8,1,136,0,0,0,0
631,25,19,1492,0,0,4,0
632,34,26,2257,5,4,2,0
633,23,7,832,0,2,3,0
634,35,29,2618,0,3,3,0
635,15,14,1139,5,1,0,0
636,36,33,2988,5,1,10,1
637,8,4,351,0,0,0,0
638,33,29,2597,15,6,4,0
639,33,23,2047,7,4,1,0
640,28,7,831,2,0,5,1
641,2,0,28,0,0,0,0
642,20,12,1095,0,1,2,1
643,36,30,2613,3,2,4,0
644,2,0,43,0,0,0,0
645,19,19,1710,0,0,0,0
646,9,9,810,0,0,0,0
647,9,3,364,1,1,2,0
648,23,6,736,1,0,0,0
649,7,6,432,0,0,0,1
650,31,11,1154,3,2,1,0
651,33,31,2814,0,3,5,0
652,38,34,2911,2,10,2,0
653,1,0,7,0,0,0,0
654,18,9,1004,0,0,0,0
655,8,5,275,0,0,0,0
656,12,6,581,0,1,2,0
657,3,3,200,2,0,1,0
658,25,15,1335,2,0,2,0
659,1,0,11,0,0,0,0
660,22,16,1460,0,0,1,0
661,10,9,842,0,0,0,0
662,12,12,1080,0,0,3,0
663,25,21,1964,0,0,5,1
664,9,1,78,1,0,0,0
665,2,0,16,0,0,0,0
666,21,16,1304,1,1,0,0
667,38,34,2744,2,6,4,0
668,29,20,1781,3,2,3,0
669,14,3,412,1,1,0,0
670,7,6,460,0,0,0,0
671,32,28,2554,16,5,4,0
672,19,17,1560,1,2,0,0
673,17,14,1331,0,0,5,0
674,23,10,1066,2,1,2,0
675,33,32,2743,1,2,5,1
676,33,32,2778,9,8,3,0
677,26,24,1845,0,0,7,1
678,15,10,971,0,0,2,0
679,28,19,1702,4,7,2,0
680,23,9,744,1,2,2,0
681,36,25,2070,7,7,1,0
682,34,23,2106,3,5,7,0
683,2,2,180,0,0,0,0
684,16,7,769,1,0,0,0
685,18,13,1060,1,0,1,0
686,5,2,192,0,0,0,0
687,25,23,2135,3,0,6,0
688,10,2,314,0,1,1,0
689,29,16,1432,2,1,6,0
690,26,14,1259,6,4,0,0
691,34,32,2947,4,0,8,0
692,2,0,9,0,0,0,0
693,37,32,2593,12,2,12,0
694,20,12,947,3,1,0,0
695,9,8,607,0,0,1,0
696,9,0,67,0,0,1,0
697,15,4,388,1,0,4,1
698,29,20,1730,21,6,1,0
699,34,20,1855,15,1,2,0
700,31,29,2586,0,0,3,0
701,1,1,90,0,0,0,0
702,18,18,1620,0,0,2,0
703,23,4,507,1,1,1,0
704,13,2,264,0,1,0,0
705,33,33,2970,0,0,0,0
706,37,37,3330,3,2,6,0
707,35,27,2177,9,3,2,0
708,13,7,653,2,0,0,0
709,28,5,858,2,1,2,0
710,31,31,2766,4,1,8,1
711,26,20,1628,4,1,6,0
712,26,20,1901,8,6,5,0
713,15,14,1252,8,1,2,0
714,10,2,277,1,2,0,0
715,30,27,2352,4,5,6,0
716,26,20,1866,0,0,6,0
717,27,25,2271,0,0,4,0
718,19,3,508,0,0,3,0
719,1,0,4,0,0,0,0
720,15,6,582,0,1,0,0
721,2,0,16,0,0,0,0
722,31,16,1385,4,2,0,0
723,1,0,10,0,0,0,0
724,36,28,2399,13,5,2,0
725,26,12,1211,3,0,2,0
726,33,20,1874,2,0,6,0
727,28,13,1195,3,0,2,0
728,6,0,104,1,0,0,0
729,18,5,532,3,0,1,0
730,21,16,1463,2,1,1,0
731,32,28,2351,0,4,4,0
732,1,0,4,0,0,0,0
733,32,28,2140,4,7,3,0
734,4,4,360,0,0,1,0
735,7,3,293,0,1,0,0
736,23,13,1196,0,3,1,0
737,23,22,1945,3,2,6,0
738,10,6,545,2,1,1,0
739,1,0,21,0,0,0,0
740,21,15,1339,0,0,2,0
741,2,0,4,0,0,0,0
742,28,8,1064,6,4,3,0
743,34,27,2225,1,2,2,0
744,34,34,3060,0,0,1,0
745,17,7,663,0,0,1,0
746,7,5,490,0,0,2,0
747,6,4,364,1,0,1,0
748,1,1,90,0,0,0,0
749,17,7,659,1,0,2,0
750,31,31,2548,0,0,10,1
751,5,1,66,0,0,0,0
752,34,32,2640,1,2,6,0
753,32,32,2880,0,0,0,0
754,34,33,2862,10,7,2,0
755,34,34,3025,0,4,8,0
756,34,34,3060,1,1,4,0
757,30,25,2109,2,1,6,0
758,29,16,1516,3,6,1,0
759,10,3,303,0,0,0,0
760,1,0,19,0,0,0,0
761,24,16,1281,3,2,0,0
762,19,13,1181,0,0,1,0
763,1,0,18,0,0,0,0
764,34,23,1963,0,1,9,0
765,3,2,172,0,0,1,0
766,24,24,2091,0,0,2,0
767,12,10,842,0,0,3,1
768,21,21,1840,3,1,2,1
769,1,0,14,0,0,0,0
770,1,0,32,0,0,0,0
771,22,19,1335,2,2,5,1
772,23,20,1825,0,2,1,1
773,33,31,2564,3,2,5,1
774,13,4,452,0,0,1,0
775,2,0,12,0,0,0,0
776,31,18,1730,6,6,1,0
777,32,30,2717,1,2,7,0
778,28,28,2307,4,2,8,0
779,31,31,2639,1,1,7,0
780,24,10,939,0,0,0,0
781,30,13,1322,3,2,1,0
782,2,0,46,0,0,0,0
783,13,6,580,2,2,1,0
784,20,6,700,3,1,2,0
785,32,27,2418,12,2,0,0
786,27,25,2151,1,0,12,0
787,24,3,488,0,1,1,0
788,16,14,1252,0,0,1,0
789,21,21,1890,0,0,2,0
790,8,5,357,0,0,2,0
791,22,21,1859,1,0,4,2
792,10,10,900,0,0,0,0
793,32,30,2418,8,8,3,0
794,28,27,2395,1,3,12,1
795,10,1,179,0,0,1,0
796,28,19,1865,7,2,4,0
797,16,12,957,0,0,2,0
798,25,23,2083,0,0,5,0
799,20,4,638,7,0,3,1
800,27,15,1394,4,4,3,0
801,12,2,283,0,0,3,0
802,31,25,2166,11,2,5,0
803,9,7,537,0,0,2,0
804,24,16,1417,6,3,2,0
805,7,2,242,0,0,2,1
806,16,2,373,0,0,2,1
807,32,31,2689,2,2,6,0
808,2,0,90,0,0,1,0
809,4,0,74,0,0,0,0
810,1,0,6,0,0,0,0
811,26,26,2320,0,4,4,0
812,37,32,2881,4,1,5,1
813,10,1,171,2,0,0,1
814,1,0,2,0,0,0,0
815,2,1,115,0,0,0,0
816,4,0,29,0,0,0,0
817,2,0,65,0,0,1,0
818,1,0,12,0,0,0,0
819,27,22,1853,3,4,3,0
820,33,33,2845,2,0,4,0
821,33,30,2498,0,1,5,0
822,25,9,966,2,1,0,0
823,24,6,769,1,1,1,0
824,33,31,2563,15,8,1,0
825,34,20,1892,3,2,2,0
826,18,7,697,0,0,1,0
827,15,0,186,0,0,1,0
828,18,3,555,1,3,1,0
829,29,29,2575,1,0,3,0
830,38,31,2501,6,11,1,0
831,8,1,170,1,0,0,0
832,36,29,2470,2,2,2,0
833,18,2,371,1,2,1,0
834,13,12,1021,4,0,0,0
835,2,0,44,0,0,1,0
836,22,16,1457,0,0,2,1
837,25,25,2135,1,1,1,0
838,35,18,1607,1,1,4,0
839,29,19,1841,6,4,5,0
840,27,27,2293,14,3,5,0
841,17,16,1377,0,0,5,0
842,10,0,42,0,0,0,0
843,13,12,869,2,3,3,0
844,12,2,294,0,0,0,0
845,20,1,273,0,0,0,0
846,22,3,363,1,0,1,0
847,26,11,1164,1,1,4,0
848,1,1,79,0,0,1,0
849,23,11,1061,1,2,4,0
850,8,5,334,0,0,0,0
851,10,10,832,1,0,2,0
852,16,9,833,0,1,4,0
853,33,27,2331,8,0,1,0
854,7,1,138,1,1,0,0
855,30,21,1636,7,2,4,2
856,27,25,1938,1,0,11,2
857,1,0,9,0,0,0,0
858,14,7,657,0,0,3,0
859,30,26,2402,1,1,5,0
860,2,0,40,0,0,0,0
861,4,0,37,1,0,0,0
862,31,28,2319,10,1,1,1
863,4,0,24,0,0,0,0
864,7,3,315,0,0,1,0
865,19,12,1045,0,2,3,0
866,34,31,2588,8,8,1,0
867,32,23,1984,2,2,2,0
868,30,9,1023,3,1,2,0
869,14,13,1160,0,0,2,0
870,28,20,1644,1,3,2,1
871,34,30,2815,1,0,4,0
872,15,10,962,1,2,0,0
873,17,5,571,0,0,4,0
874,20,10,899,3,2,2,0
875,38,38,3420,0,0,2,0
876,8,3,260,0,0,1,0
877,11,6,579,0,2,0,0
878,6,3,233,0,0,1,0
879,20,10,1028,0,0,5,0
880,20,16,1383,4,1,1,1
881,2,2,180,0,1,0,0
882,20,9,925,0,3,1,0
883,4,2,122,0,0,1,0
884,12,3,369,1,1,2,0
885,15,8,760,2,0,3,0
886,2,1,121,0,0,0,0
887,28,27,2227,0,1,7,0
888,8,1,156,0,0,0,0
889,13,2,246,1,0,0,0
890,16,10,983,1,1,0,0
891,24,8,849,2,0,1,0
892,36,35,3018,8,10,5,2
893,19,12,1105,0,1,1,0
894,36,34,2909,2,4,8,0
895,1,1,90,0,0,0,0
896,9,8,747,0,0,2,0
897,36,32,2947,6,7,8,0
898,2,1,98,0,0,1,0
899,19,18,1497,6,0,1,0
900,18,1,309,2,0,1,0
901,22,12,1065,4,2,4,0
902,6,6,540,0,0,0,0
903,25,21,1773,0,2,6,1
904,10,6,492,2,0,3,1
905,1,0,5,0,0,1,0
906,32,29,2297,1,0,7,0
907,37,37,3275,0,2,1,0
908,1,0,5,0,0,0,0
909,6,1,153,0,0,1,0
910,28,20,1777,7,2,2,0
911,29,16,1589,5,4,2,0
912,2,0,25,0,0,0,0
913,16,9,844,1,1,3,0
914,14,14,1172,0,0,7,0
915,33,33,2970,0,0,4,0
916,35,29,2504,1,6,5,0
917,27,22,1832,0,1,3,0
918,14,6,650,0,0,5,0
919,6,0,35,0,0,0,0
920,7,3,217,0,0,2,0
921,10,1,239,0,0,2,0
922,26,22,1827,2,0,2,0
923,9,1,223,0,0,0,0
924,7,7,630,0,0,0,0
925,17,5,585,0,0,2,0
926,32,25,2299,0,1,6,0
927,19,17,1517,1,0,4,0
928,1,1,90,0,0,0,0
929,4,0,55,1,0,0,0
930,18,13,1173,0,0,2,0
931,18,16,1387,4,2,3,0
932,12,7,616,1,0,1,0
933,8,4,306,0,0,0,1
934,27,9,1158,5,1,1,0
935,2,2,165,0,0,0,0
936,35,35,3103,2,0,5,0
937,11,5,549,0,0,0,0
938,37,37,3204,1,2,6,0
939,26,25,2161,0,0,10,2
940,22,9,989,0,1,0,0
941,33,25,2314,5,5,4,0
942,36,30,2495,6,3,3,1
943,1,0,5,0,0,1,0
944,33,23,1981,2,3,1,0
945,6,0,60,1,0,0,0
946,23,11,1045,1,1,3,0
947,18,6,790,3,2,2,0
948,6,1,123,0,0,0,0
949,28,8,1003,2,1,2,0
950,26,24,2152,2,0,4,0
951,1,0,10,0,0,0,0
952,2,0,96,0,0,0,0
953,15,0,142,1,1,1,0
954,28,8,1009,2,4,0,0
955,8,0,180,0,0,1,0
956,35,23,1935,10,4,5,0
957,25,21,1784,0,3,8,0
958,26,18,1477,0,4,5,0
959,32,19,1633,3,3,2,0
960,31,31,2609,0,2,3,1
961,1,0,45,0,0,0,0
962,12,1,226,1,0,1,0
963,37,35,3063,0,3,9,0
964,11,1,241,0,0,1,0
965,7,4,326,0,0,0,0
966,10,7,678,0,0,2,0
967,28,17,1455,3,4,3,0
968,36,28,2559,4,5,4,0
969,7,5,318,0,0,0,0
970,29,14,1566,2,3,4,0
971,31,24,2171,0,2,0,0
972,3,0,56,0,1,0,0
973,38,38,3420,0,0,2,0
974,3,0,38,0,0,0,0
975,36,30,2413,5,5,2,0
976,20,10,930,2,2,2,0
977,3,1,65,0,0,0,0
978,36,23,2199,6,2,3,0
979,21,17,1594,0,1,5,0
980,15,9,947,0,0,1,0
981,30,26,2195,1,0,2,0
982,26,14,1085,1,1,4,0
983,36,36,3195,0,0,4,0
984,14,2,216,0,0,1,0
985,13,13,1125,0,1,2,0
986,31,27,2333,5,4,2,0
987,34,34,3060,0,1,1,0
988,1,0,14,0,0,0,0
989,24,17,1557,1,0,2,0
990,20,7,734,0,0,4,0
991,2,2,180,0,0,0,0
992,22,14,1414,1,1,1,0
993,8,2,222,0,0,0,0
994,8,1,183,1,1,1,0
995,29,15,1518,1,1,5,1
996,19,13,1282,1,2,2,0
997,24,21,2029,0,0,7,1
998,15,11,878,1,0,4,0
999,31,31,2650,1,4,8,0
1000,34,34,2803,7,8,11,1
1001,15,7,683,2,0,2,0
1002,31,23,1895,5,1,5,0
1003,25,21,1721,3,3,4,0
1004,32,31,2741,1,0,8,0
1005,2,1,98,0,0,0,0
1006,26,13,1177,0,1,0,0
1007,32,32,2671,0,0,9,0
1008,14,7,669,5,2,3,1
1009,30,15,1430,3,1,5,0
1010,32,28,2561,2,1,5,0
1011,32,21,1776,8,3,4,0
1012,27,13,1242,7,5,0,0
1013,3,2,159,0,0,1,0
1014,1,0,23,0,0,0,0
1015,2,0,24,0,0,0,0
1016,33,29,2539,0,1,3,1
1017,32,28,2532,1,0,12,1
1018,1,0,1,0,0,0,0
1019,7,7,630,0,0,1,0
1020,19,13,1153,3,0,1,0
1021,20,16,1276,0,0,3,0
1022,14,10,736,1,1,1,0
1023,36,35,2974,3,1,11,1
1024,25,7,810,2,0,0,0
1025,31,30,2614,0,1,7,0
1026,17,2,381,3,0,1,0
1027,14,5,532,2,0,0,0
1028,16,4,516,1,0,0,0
1029,9,6,519,0,0,1,0
1030,26,6,796,0,0,1,0
1031,12,6,664,0,0,1,0
1032,37,31,2738,2,5,4,0
1033,32,14,1284,1,3,1,0
1034,8,1,152,0,1,2,0
1035,2,0,53,0,0,0,0
1036,11,9,760,1,0,3,0
1037,26,23,1750,3,2,3,0
1038,17,2,477,0,0,1,0
1039,17,16,1374,0,2,2,0
1040,1,1,45,0,0,1,0
1041,34,28,2434,6,5,2,0
1042,26,13,1325,4,1,2,0
1043,16,16,1440,0,0,2,0
1044,20,17,1485,0,2,5,0
1045,31,28,2434,5,5,6,0
1046,1,1,90,0,0,1,0
1047,24,18,1542,3,2,1,0
1048,14,12,1048,10,3,0,0
1049,19,11,1037,3,2,2,0
1050,6,2,229,0,0,2,0
1051,33,33,2944,1,4,9,0
1052,29,29,2585,0,0,2,0
1053,25,24,2112,0,0,4,0
1054,10,7,569,0,0,0,0
1055,6,0,84,0,0,0,0
1056,28,27,2203,1,0,8,0
1057,37,37,3160,0,4,6,1
1058,28,19,1751,0,0,1,0
1059,20,7,721,1,1,3,0
1060,25,25,2205,1,0,5,0
1061,34,32,2804,21,5,3,0
1062,20,5,639,2,1,2,0
1063,31,31,2790,0,0,1,0
1064,38,29,2469,8,7,2,0
1065,34,31,2432,8,11,2,0
1066,13,7,623,0,0,1,0
1067,8,8,601,0,0,1,0
1068,32,31,2636,2,7,6,1
1069,30,28,2327,0,9,5,1
1070,21,8,687,1,4,0,0
1071,30,13,1181,6,1,1,0
1072,4,2,143,0,0,0,0
1073,16,9,813,2,1,1,0
1074,34,34,3060,0,0,0,0
1075,16,1,362,0,0,1,0
1076,31,27,2493,1,1,6,0
1077,30,20,1785,2,0,3,0
1078,29,10,995,2,4,1,0
1079,1,0,23,0,0,0,0
1080,34,34,3059,3,2,9,1
1081,37,37,3270,1,3,7,0
1082,36,31,2581,3,3,5,0
1083,23,19,1572,4,4,2,0
1084,33,30,2565,12,8,2,0
1085,33,20,1947,0,1,3,0
1086,34,26,2224,4,0,6,2
1087,25,21,1807,6,2,6,0
1088,31,31,2435,0,1,3,2
1089,12,1,150,0,0,0,0
1090,12,4,364,0,0,2,0
1091,38,38,3271,5,6,7,0
1092,2,2,110,0,0,0,0
1093,19,2,348,2,0,0,0
1094,30,29,2598,21,4,4,0
1095,3,0,73,0,0,0,0
1096,30,30,2631,0,0,0,0
1097,28,14,1250,3,4,1,0
1098,22,7,849,0,1,4,0
1099,7,2,271,0,0,2,0
1100,33,25,2223,1,6,1,0
1101,29,27,2314,2,2,0,0
1102,33,27,2080,3,1,6,0
1103,36,21,1840,7,2,2,0
1104,32,19,1862,0,1,4,0
1105,29,29,2458,1,5,4,0
1106,24,16,1273,6,1,2,0
1107,37,36,3277,5,0,2,0
1108,37,37,3217,2,1,5,0
1109,29,6,754,2,1,0,0
1110,31,31,2736,22,3,2,0
1111,10,2,287,0,0,1,0
1112,28,21,1696,0,0,1,0
1113,33,27,2172,4,7,4,0
1114,3,0,30,0,0,0,0
1115,25,10,862,4,0,1,1
1116,28,16,1320,0,1,7,0
1117,22,20,1678,0,0,3,2
1118,25,10,1206,2,0,4,0
1119,15,3,453,1,2,4,0
1120,25,24,2066,4,6,4,0
1121,27,24,2189,0,4,3,0
1122,8,5,404,0,0,0,0
1123,11,0,134,0,0,3,0
1124,22,12,1284,1,1,4,1
1125,33,31,2672,1,2,2,0
1126,25,14,1369,1,1,3,0
1127,13,8,519,2,4,1,1
1128,2,0,45,0,0,0,0
1129,26,17,1544,8,1,3,0
1130,34,24,2076,1,0,0,0
1131,10,5,463,1,2,1,0
1132,34,32,2825,1,0,9,0
1133,26,18,1684,0,0,3,0
1134,6,5,498,0,0,0,0
1135,23,21,1875,9,3,5,0
1136,4,2,170,0,0,1,0
1137,34,33,2958,1,1,8,1
1138,21,5,661,2,0,0,0
1139,38,38,3420,0,0,3,0
1140,36,27,2337,0,4,10,0
1141,25,10,1154,0,1,3,0
1142,1,0,12,0,0,0,0
1143,15,10,935,0,2,3,0
1144,5,4,352,0,0,0,0
1145,33,29,2613,7,7,0,0
1146,5,0,99,0,0,0,0
1147,27,27,2385,0,0,1,0
1148,8,2,251,0,0,2,1
1149,4,3,293,0,0,0,0
1150,31,27,2389,2,1,6,0
1151,14,11,1025,0,0,1,0
1152,16,10,877,0,0,2,0
1153,33,30,2696,4,3,4,1
1154,25,15,1327,3,3,7,0
1155,18,15,1366,1,0,3,0
1156,8,2,273,0,0,2,0
1157,37,37,3330,0,0,5,0
1158,29,27,2257,4,3,10,1
1159,19,15,1315,0,0,1,0
1160,30,24,2110,7,9,1,0
1161,30,27,2327,0,0,10,0
1162,36,36,3153,0,2,11,0
1163,10,6,448,0,1,1,0
1164,32,28,2670,2,2,8,0
1165,1,0,9,0,0,0,0
1166,26,22,1842,5,2,5,0
1167,26,5,661,3,1,3,0
1168,27,22,1871,8,4,2,0
1169,30,26,2124,1,2,4,1
1170,20,7,794,0,0,3,0
1171,11,4,356,2,1,1,0
1172,32,27,2277,3,3,4,0
1173,31,21,1867,6,4,3,0
1174,1,0,6,0,0,0,0
1175,34,30,2540,9,1,3,0
1176,21,12,1137,1,1,3,0
1177,25,13,1238,0,1,1,1
1178,23,12,1136,2,1,2,0
1179,19,18,1439,4,7,0,0
1180,22,12,1181,5,1,1,0
1181,13,11,1085,0,0,1,0
1182,13,13,1170,0,0,2,0
1183,3,3,270,0,0,0,0
1184,12,3,230,0,0,0,0
1185,1,0,7,0,0,0,0
1186,29,29,2610,0,0,1,0
1187,4,2,219,0,0,0,0
1188,31,25,2194,5,2,2,0
1189,33,24,2108,0,3,11,0
1190,32,26,2427,3,2,10,0
1191,14,11,915,0,0,1,0
1192,31,30,2583,3,2,5,0
1193,11,4,424,0,3,2,1
1194,23,4,530,0,1,0,0
1195,30,30,2664,2,4,5,0
1196,20,7,722,1,0,0,0
1197,32,23,2004,4,0,2,0
1198,28,13,1294,1,1,4,0
1199,11,2,391,0,1,2,1
1200,1,0,8,0,0,0,0
1201,1,0,1,0,0,0,0
1202,14,3,284,1,1,0,0
1203,35,35,3127,1,0,5,0
1204,37,32,2888,0,1,4,0
1205,37,24,1952,11,3,2,0
1206,13,10,961,0,0,4,0
1207,9,5,400,0,0,0,0
1208,13,5,540,2,0,1,0
1209,14,1,334,0,0,0,0
1210,23,6,717,3,2,0,0
1211,16,11,937,7,0,1,0
1212,19,9,920,1,0,4,0
1213,2,0,13,0,0,0,0
1214,7,0,118,1,0,0,0
1215,15,1,284,1,2,0,0
1216,10,3,387,0,0,2,0
1217,18,5,574,0,1,4,0
1218,29,29,2610,0,6,2,0
1219,10,1,166,0,0,2,0
1220,34,34,2756,23,6,1,0
1221,37,29,2210,4,2,5,0
1222,22,17,1547,9,8,5,0
1223,16,10,904,0,1,4,0
1224,29,29,2508,0,0,3,0
1225,4,1,77,0,0,0,0
1226,31,31,2790,3,0,5,0
1227,6,3,250,1,0,1,0
1228,33,31,2690,4,3,1,0
1229,1,1,37,0,0,0,0
1230,23,18,1657,0,0,5,0
1231,38,35,2981,9,6,1,0
1232,30,28,2435,1,1,12,0
1233,7,1,171,0,0,2,0
1234,30,28,2220,10,5,7,1
1235,11,11,927,0,1,0,0
1236,33,31,2650,7,6,4,0
1237,9,2,297,0,0,0,0
1238,31,27,2306,0,1,2,0
1239,31,31,2790,0,0,0,0
1240,2,2,180,0,0,0,0
1241,23,14,1178,0,1,4,0
1242,19,12,1063,1,1,1,0
1243,32,27,2254,1,3,3,0
1244,18,5,598,2,1,5,0
1245,5,2,253,0,0,0,0
1246,1,0,12,0,0,0,0
1247,2,0,10,0,0,0,0
1248,34,25,2244,2,1,4,1
1249,13,4,386,0,2,2,0
1250,19,16,1388,0,0,0,0
1251,16,0,119,1,0,1,0
1252,12,9,780,0,0,2,0
1253,3,2,107,0,0,0,0
1254,20,9,763,0,0,0,0
1255,24,8,862,0,2,2,0
1256,19,18,1600,0,0,4,0
1257,17,6,608,3,0,4,0
1258,15,12,1074,0,1,2,0
1259,22,14,1266,0,1,6,0
1260,38,30,2494,12,3,4,0
1261,3,0,30,0,0,0,0
1262,27,23,1948,10,6,4,1
1263,4,0,48,0,0,1,0
1264,13,5,545,0,0,0,0
1265,29,29,2393,4,3,10,0
1266,37,26,2165,3,3,5,0
1267,21,13,1156,0,4,0,0
1268,10,7,568,0,0,0,1
1269,23,14,1354,1,2,5,1
1270,33,24,2177,11,3,5,0
1271,3,3,270,0,0,0,0
1272,7,7,630,0,0,0,0
1273,26,10,1009,0,1,3,1
1274,33,19,1712,3,3,3,1
1275,26,9,1143,2,2,3,0
1276,25,15,1414,5,2,4,0
1277,15,9,704,0,0,5,0
1278,8,7,703,0,0,0,0
1279,9,3,334,1,0,0,0
1280,26,14,1196,6,3,2,0
1281,26,9,943,0,2,1,0
1282,15,6,557,2,0,1,0
1283,13,8,696,0,0,2,0
1284,11,2,244,0,0,2,0
1285,12,8,727,0,0,2,0
1286,30,30,2640,6,0,7,0
1287,28,20,1898,0,0,1,0
1288,17,16,1458,0,0,2,0
1289,26,26,2093,10,2,5,0
1290,30,24,2253,11,8,8,1
1291,17,13,1159,0,1,4,0
1292,14,6,619,0,1,0,0
1293,26,19,1729,0,0,7,1
1294,36,34,2912,2,2,6,0
1295,6,6,540,0,0,0,0
1296,15,2,452,0,0,1,0
1297,5,0,71,1,0,0,0
1298,5,1,137,0,0,2,1
1299,16,12,1161,2,0,0,0
1300,9,3,308,0,0,0,0
1301,12,8,634,1,1,4,0
1302,24,18,1576,2,0,6,0
1303,12,6,512,1,2,1,0
1304,6,5,385,1,0,1,0
1305,33,31,2578,17,3,2,0
1306,29,25,2337,1,0,2,1
1307,2,0,31,0,0,0,0
1308,34,15,1564,0,0,4,1
1309,24,11,1022,1,1,3,0
1310,26,20,1726,1,0,2,0
1311,13,8,662,0,1,0,0
1312,30,25,2001,1,4,8,1
1313,2,0,76,0,0,0,0
1314,19,12,1117,0,0,1,1
1315,22,12,1130,0,2,2,0
1316,26,18,1593,1,0,5,0
1317,1,0,10,0,0,0,0
1318,31,28,2381,26,9,5,0
1319,30,19,1663,6,6,1,0
1320,29,10,1046,0,1,2,0
1321,32,31,2618,2,4,10,1
1322,7,3,298,1,0,1,0
1323,13,6,495,1,0,2,0
1324,37,36,3186,0,3,9,0
1325,8,2,230,0,0,2,0
1326,27,8,872,1,1,4,0
1327,9,3,372,0,0,2,0
1328,2,0,14,0,0,0,0
1329,12,6,528,0,1,2,0
1330,5,1,127,0,0,0,0
1331,31,30,2615,17,3,5,0
1332,14,11,1049,3,0,5,0
1333,31,25,2096,2,0,4,0
1334,27,27,2383,4,0,1,0
1335,3,1,95,0,0,0,0
1336,30,24,1826,0,2,6,1
1337,11,2,270,0,0,1,0
1338,8,2,288,1,1,2,1
1339,10,10,900,0,0,0,0
1340,6,2,148,0,0,2,0
1341,10,4,303,0,1,2,0
1342,12,11,1013,0,0,1,0
1343,15,11,922,1,0,3,0
1344,31,30,2615,0,0,6,1
1345,2,0,9,0,0,0,0
1346,23,7,783,2,0,4,0
1347,38,38,3336,2,5,4,0
1348,4,0,78,0,0,0,0
1349,32,27,2182,2,3,4,0
1350,30,10,1118,1,1,4,0
1351,32,31,2723,1,1,7,0
1352,6,6,503,0,0,1,0
1353,13,11,975,0,0,2,1
1354,24,24,2144,0,1,3,0
1355,35,29,2542,13,0,5,1
1356,38,38,3348,0,1,5,0
1357,33,32,2847,3,7,4,0
1358,2,0,23,0,0,0,0
1359,8,1,130,0,0,0,0
1360,28,21,1673,6,3,2,0
1361,1,0,1,0,0,0,0
1362,6,6,540,0,0,0,0
1363,28,26,2190,0,1,4,2
1364,17,10,1122,1,0,1,0
1365,31,31,2737,16,7,5,1
1366,28,20,1838,1,0,5,0
1367,34,29,2340,12,6,8,0
1368,30,18,1597,4,5,3,0
1369,31,22,1850,0,1,7,0
1370,32,32,2880,0,0,1,0
1371,30,30,2586,3,0,3,0
1372,5,5,450,0,0,2,0
1373,14,7,695,1,1,1,0
1374,27,14,1343,2,2,2,0
1375,19,19,1710,0,0,1,0
1376,28,28,2295,2,0,11,1
1377,16,10,851,3,1,2,0
1378,32,20,1926,1,1,4,0
1379,23,23,1903,0,2,7,0
1380,16,13,1160,8,1,0,0
1381,10,2,358,2,1,0,0
1382,19,17,1307,0,0,3,0
1383,20,5,654,2,1,1,0
1384,31,30,2560,1,2,5,0
1385,12,0,116,0,1,0,0
1386,25,22,2020,0,0,1,0
1387,4,1,133,0,0,0,0
1388,24,17,1293,0,0,3,1
1389,8,3,360,0,0,0,0
1390,13,4,469,2,1,1,0
1391,34,31,2572,2,1,6,0
1392,34,33,2936,2,0,1,0
1393,28,23,1994,3,3,3,0
1394,1,0,7,0,0,0,0
1395,18,12,1125,0,0,1,0
1396,18,5,622,0,1,1,0
1397,8,5,507,1,0,0,0
1398,21,4,748,0,0,1,0
1399,30,28,2468,0,2,4,0
1400,1,0,12,0,0,0,0
1401,32,29,2605,2,3,4,0
1402,11,8,756,0,0,6,1
1403,31,25,2198,6,2,5,1
1404,6,0,77,0,0,0,0
1405,5,5,450,0,0,0,0
1406,1,1,56,0,0,0,0
1407,15,12,885,4,0,0,0
1408,2,0,13,0,0,0,0
1409,12,2,342,0,0,2,0
1410,37,29,2714,0,1,1,0
1411,32,32,2767,11,8,4,0
1412,16,15,1217,1,2,1,0
1413,1,1,56,0,0,0,0
1414,14,13,1077,0,0,2,0
1415,28,27,2440,2,0,9,0
1416,30,28,2513,5,3,4,0
1417,24,19,1754,1,0,5,0
1418,37,37,3057,11,5,6,0
1419,28,22,1842,5,1,5,0
1420,36,27,2372,5,0,5,0
1421,32,31,2590,5,3,2,1
1422,32,27,2389,7,4,3,0
1423,14,12,951,0,0,2,0
1424,35,34,2972,3,0,9,0
1425,1,0,3,0,0,0,0
1426,12,6,567,1,0,1,0
1427,17,15,1178,5,3,1,0
1428,14,11,916,4,3,0,0
1429,7,0,172,0,0,1,0
1430,34,33,2845,2,4,5,0
1431,1,0,4,0,0,0,0
1432,14,6,637,2,1,5,0
1433,28,20,1829,11,4,1,0
1434,15,15,1350,0,0,0,0
1435,30,24,2051,15,2,5,0
1436,2,0,9,0,0,0,0
1437,35,35,3116,1,1,5,0
1438,12,12,1080,0,0,1,0
1439,8,7,583,0,1,2,0
1440,29,19,1699,2,2,8,0
1441,21,6,757,1,0,2,0
1442,30,29,2686,3,2,5,0
1443,14,5,361,0,2,4,0
1444,7,0,89,1,0,1,0
1445,12,4,309,2,1,1,0
1446,15,10,860,2,2,0,0
1447,3,0,11,0,0,0,0
1448,12,1,310,0,0,1,0
1449,32,21,1764,7,2,4,0
1450,34,34,3060,0,0,5,0
1451,33,28,2393,3,1,2,0
1452,28,14,1398,3,0,6,1
1453,14,7,621,0,0,1,1
1454,16,11,797,0,1,4,0
1455,33,26,2307,0,6,6,0
1456,27,17,1459,2,3,0,0
1457,25,16,1406,0,1,3,0
1458,16,15,1378,0,1,3,0
1459,2,1,102,0,0,0,0
1460,6,4,318,0,0,1,0
1461,27,24,2151,1,0,8,0
1462,29,29,2610,0,0,1,0
1463,34,25,2323,8,8,5,0
1464,30,30,2700,0,0,0,0
1465,20,17,1526,2,2,7,0
1466,34,34,3060,0,1,3,0
1467,30,29,2546,1,2,3,0
1468,14,6,674,1,0,2,0
1469,37,37,3325,2,3,8,0
1470,7,3,367,0,0,0,0
1471,16,8,773,0,0,1,0
1472,1,0,5,0,0,0,0
1473,5,0,85,0,0,0,0
1474,27,20,1779,4,3,2,0
1475,17,15,1364,1,3,4,0
1476,23,23,1972,2,1,9,0
1477,38,38,3420,0,1,5,0
1478,32,32,2880,0,2,4,0
1479,17,14,1199,1,0,3,1
1480,28,18,1629,9,0,2,0
1481,29,23,2048,2,1,3,0
1482,33,26,2274,0,1,9,0
1483,16,8,816,2,1,1,0
1484,34,32,2667,27,2,1,0
1485,27,22,1663,2,2,4,0
1486,28,21,1893,1,2,5,1
1487,38,36,3093,1,3,7,0
1488,23,15,1369,1,0,3,2
1489,4,0,51,0,0,1,0
1490,1,1,61,0,0,0,0
1491,32,31,2770,1,0,5,0
1492,29,25,2123,2,0,3,0
1493,3,1,70,0,0,0,0
1494,16,6,704,0,0,1,0
1495,25,15,1239,0,1,2,0
1496,28,18,1540,1,0,6,0
1497,31,21,1552,3,4,3,0
1498,19,5,680,1,2,1,1
1499,29,8,940,1,1,2,1
1500,37,32,2840,0,1,1,0
1501,13,1,281,1,1,1,0
1502,1,1,57,0,0,0,0
1503,30,29,2519,2,0,4,0
1504,33,28,2513,2,4,0,1
1505,31,31,2768,2,1,5,0
1506,25,15,1457,8,3,4,0
1507,32,31,2636,0,1,3,0
1508,36,34,2822,2,2,9,0
1509,2,1,97,0,0,1,0
1510,19,10,1037,0,0,3,0
1511,1,0,27,0,0,0,0
1512,17,7,684,0,0,3,0
1513,25,8,798,0,0,2,0
1514,31,28,2247,15,5,4,0
1515,18,18,1563,0,0,2,0
1516,2,2,169,0,0,0,0
1517,29,27,2429,1,1,4,0
1518,38,35,2737,8,5,3,0
1519,17,7,671,2,0,2,0
1520,28,12,1252,6,5,4,1
1521,29,21,1936,0,0,4,0
1522,1,0,45,0,0,0,0
1523,13,3,396,0,1,0,0
1524,32,23,1707,3,1,9,1
1525,12,4,358,1,0,2,0
1526,10,3,336,0,0,0,0
1527,21,13,1137,0,0,1,0
1528,2,0,35,0,0,0,0
1529,22,7,775,1,0,1,0
1530,36,31,2308,2,3,5,0
1531,30,27,1943,0,1,12,0
1532,33,27,2353,12,1,10,0
1533,32,29,2614,0,1,8,1
1534,3,1,127,0,0,0,0
1535,23,22,1803,0,1,7,0
1536,18,10,1081,1,0,3,0
1537,19,3,529,0,0,2,0
1538,36,35,2843,14,10,4,0
1539,23,18,1577,0,0,2,0
1540,38,36,3092,11,2,3,1
1541,30,28,2344,0,2,12,0
1542,2,0,12,0,0,0,0
1543,3,3,270,0,0,0,0
1544,2,0,20,0,0,0,0
1545,7,7,630,0,1,0,0
1546,11,2,201,0,0,0,0
1547,36,36,3240,1,3,4,0
1548,26,19,1606,2,2,2,0
1549,17,12,1048,0,4,3,0
1550,32,32,2733,0,1,9,0
1551,6,0,92,0,0,0,0
1552,12,2,361,1,1,1,0
1553,29,10,1139,1,2,2,0
1554,35,30,2599,5,5,6,0
1555,27,20,1805,1,4,7,2
1556,2,0,8,0,0,0,0
1557,32,23,1953,11,2,2,0
1558,18,7,639,0,1,0,0
1559,12,10,790,0,0,4,0
1560,31,21,1809,9,7,6,0
1561,2,0,15,0,0,1,0
1562,32,27,2033,7,3,3,0
1563,30,28,2368,0,2,7,0
1564,28,28,2363,3,1,4,0
1565,21,12,1025,0,1,5,1
1566,8,0,119,0,0,0,0
1567,17,11,1065,1,0,2,0
1568,32,27,2323,1,0,5,0
1569,31,17,1516,5,1,5,1
1570,27,19,1758,1,0,7,0
1571,2,0,7,0,0,0,0
1572,28,7,938,0,0,0,1
1573,37,37,3294,0,0,1,0
1574,34,34,3060,1,1,3,0
1575,25,19,1651,0,0,5,0
1576,32,20,1985,1,4,1,0
1577,15,15,1350,0,0,1,0
1578,9,3,304,2,1,1,0
1579,4,0,32,0,0,0,0
1580,19,7,745,0,0,1,0
1581,33,27,2150,0,3,4,1
1582,7,7,581,0,0,2,0
1583,3,2,100,0,0,1,0
1584,1,0,2,0,0,0,0
1585,10,5,454,1,1,1,0
1586,20,16,1306,3,0,5,0
1587,10,2,258,3,0,0,0
1588,22,17,1510,0,1,5,1
1589,14,2,305,3,0,0,0
1590,14,6,614,3,0,1,0
1591,9,4,383,0,2,2,0
1592,11,10,760,0,0,1,0
1593,5,0,26,0,0,1,0
1594,1,0,2,0,0,0,0
1595,34,34,3060,0,0,2,0
1596,33,23,1995,4,4,0,0
1597,1,0,21,0,0,0,0
1598,37,36,3143,2,0,8,0
1599,18,17,1486,0,0,0,0
1600,9,9,810,0,0,0,0
1601,19,10,941,0,0,4,0
1602,24,20,1733,0,0,3,0
1603,28,22,1856,4,2,7,0
1604,1,0,2,0,0,0,0
1605,19,14,1261,1,0,2,0
1606,1,1,67,0,0,0,0
1607,24,18,1462,0,1,2,0
1608,10,7,515,0,0,1,0
1609,11,4,335,2,1,2,0
1610,1,0,6,0,0,0,0
1611,25,7,768,1,1,2,0
1612,2,1,46,0,0,0,0
1613,8,5,354,0,0,2,0
1614,12,6,552,0,0,6,1
1615,8,1,168,0,0,2,0
1616,1,0,15,0,0,0,0
1617,26,17,1564,0,4,0,0
1618,1,0,7,0,0,0,0
1619,19,19,1628,0,0,4,1
1620,13,12,1098,0,0,2,0
1621,27,20,1999,0,1,5,0
1622,18,12,1069,0,0,0,1
1623,8,1,106,0,0,0,0
1624,10,4,356,0,0,0,0
1625,9,1,241,2,0,1,0
1626,4,1,142,0,0,1,0
1627,23,14,1239,1,2,3,0
1628,33,13,1406,3,2,4,0
1629,28,27,2340,1,1,4,1
1630,30,27,2399,0,1,5,0
1631,16,14,1175,7,0,0,0
1632,17,17,1448,15,9,2,0
1633,2,0,64,0,1,0,0
1634,22,19,1725,2,0,3,0
1635,2,2,180,0,0,0,0
1636,6,2,171,0,0,0,0
1637,36,35,3085,0,8,5,0
1638,26,16,1333,2,2,3,0
1639,2,0,40,0,0,0,0
1640,28,11,1038,1,3,2,0
1641,32,24,2039,1,1,1,0
1642,13,6,904,0,1,2,0
1643,17,5,496,1,0,2,0
1644,30,20,1748,0,1,8,3
1645,33,25,2290,8,4,1,0
1646,32,30,2624,2,2,3,0
1647,37,37,3194,0,0,5,1
1648,28,28,2490,0,4,5,0
1649,1,0,6,0,0,0,0
1650,5,5,450,0,0,0,0
1651,30,30,2474,12,3,1,0
1652,20,20,1751,2,1,7,0
1653,8,4,351,1,0,1,0
1654,5,2,261,1,0,0,0
1655,28,9,1012,4,0,1,0
1656,9,1,183,0,1,1,0
1657,3,0,53,0,0,1,0
1658,35,26,2337,4,0,1,0
1659,23,9,1038,0,0,4,0
1660,32,21,1992,1,0,5,1
1661,28,20,1919,1,2,5,0
1662,26,16,1538,1,0,3,0
1663,14,12,1055,2,1,1,0
1664,16,10,910,1,1,2,0
1665,17,11,1046,0,0,5,0
1666,29,27,2370,0,4,6,0
1667,30,4,656,0,0,9,0
1668,16,2,312,1,0,0,0
1669,36,22,1913,3,2,6,0
1670,3,1,68,0,0,0,0
1671,37,33,2648,14,2,2,0
1672,29,25,2010,0,1,1,0
1673,5,0,66,0,0,1,0
1674,30,28,2551,1,1,4,0
1675,24,10,921,2,3,3,0
1676,13,9,900,0,0,2,0
1677,29,23,2078,1,3,3,0
1678,22,13,1042,4,4,3,1
1679,1,0,2,0,0,0,0
1680,30,16,1615,4,1,2,0
1681,33,21,2045,0,0,6,1
1682,22,17,1501,0,0,3,0
1683,19,1,252,2,2,1,0
1684,24,7,1114,5,1,0,0
1685,20,8,808,2,2,1,0
1686,37,34,2838,0,1,3,0
1687,1,0,8,0,0,0,0
1688,11,3,335,1,1,1,0
1689,20,7,702,0,0,3,0
1690,23,7,709,3,3,1,0
1691,10,1,222,0,0,3,0
1692,34,34,2907,31,3,3,1
1693,9,4,340,1,1,0,0
1694,38,38,3414,20,7,3,0
1695,15,3,349,3,0,1,0
1696,18,9,852,1,1,3,0
1697,34,20,1837,3,6,3,0
1698,5,5,450,0,0,0,0
1699,34,27,2223,1,4,7,0
1700,29,28,2466,0,0,5,1
1701,32,27,2310,2,4,3,0
1702,30,29,2496,1,1,1,1
1703,21,15,1371,4,6,1,0
1704,2,0,19,0,0,0,0
1705,34,33,2938,12,4,3,0
1706,23,17,1603,1,0,2,0
1707,29,29,2543,0,1,15,1
1708,7,2,183,0,0,2,0
1709,1,0,5,0,0,0,0
1710,4,0,63,1,0,0,0
1711,7,6,424,0,0,2,1
1712,3,0,26,0,0,0,0
1713,12,5,544,2,0,0,0
1714,1,0,11,0,0,0,0
1715,32,22,1893,2,3,1,0
1716,3,1,89,0,1,0,0
1717,15,10,941,0,0,2,0
1718,24,19,1676,1,3,3,0
1719,27,19,1531,3,2,4,0
1720,18,8,825,0,0,2,0
1721,14,12,1005,0,1,1,1
1722,10,7,588,0,1,2,0
1723,2,1,108,0,0,1,0
1724,29,26,2280,0,1,2,0
1725,34,34,3005,0,0,0,0
1726,28,17,1586,7,2,4,1
1727,27,21,1589,1,3,1,0
1728,14,2,418,0,0,1,0
1729,13,5,456,0,1,0,0
1730,17,8,847,1,1,1,0
1731,10,3,358,0,0,2,1
1732,10,10,900,0,0,1,0
1733,30,21,1928,2,0,5,0
1734,2,2,180,0,0,0,0
1735,1,0,1,0,0,0,0
1736,8,0,117,0,0,0,0
1737,1,0,32,0,0,1,0
1738,34,17,1724,1,3,3,0
1739,21,16,1288,0,3,2,0
1740,34,13,1449,11,6,2,0
1741,3,0,26,0,0,0,0
1742,37,37,3330,5,2,4,0
1743,14,1,313,1,0,0,0
1744,37,37,3330,0,0,3,0
1745,12,11,938,1,1,2,0
1746,33,32,2875,1,4,6,0
1747,20,1,456,3,0,3,0
1748,29,22,1843,6,5,9,0
1749,4,3,170,0,0,1,0
1750,27,27,2283,2,0,2,0
1751,31,31,2569,1,0,6,1
1752,31,27,2231,6,3,4,0
1753,10,8,715,1,0,0,0
1754,14,12,1120,0,0,1,0
1755,34,31,2729,4,6,6,1
1756,3,0,22,0,0,0,0
1757,32,20,1838,6,4,6,0
1758,17,12,869,2,1,0,0
1759,20,5,753,1,2,4,0
1760,31,25,2277,0,6,4,1
1761,25,22,1677,3,3,2,0
1762,37,37,3092,0,5,2,0
1763,36,28,2603,10,4,1,0
1764,31,28,2469,1,7,5,0
1765,15,6,464,1,0,0,1
1766,31,29,2328,1,4,4,0
1767,4,0,11,0,0,0,0
1768,20,4,608,0,1,1,0
1769,35,17,1827,2,6,7,0
1770,12,5,451,0,0,2,0
1771,5,0,58,1,0,0,0
1772,30,11,1252,5,0,3,0
1773,36,30,2755,1,2,5,0
1774,2,0,22,0,0,0,0
1775,35,32,2714,6,1,5,0
1776,30,17,1590,0,3,1,0
1777,9,3,242,0,0,1,0
1778,32,26,2099,0,0,8,0
1779,7,0,112,0,0,0,0
1780,6,1,113,0,0,1,0
1781,36,36,3240,0,0,0,0
1782,10,3,366,0,1,0,0
1783,16,13,1099,5,0,5,0
1784,26,6,907,0,0,5,0
1785,32,29,2568,2,7,4,1
1786,24,21,1727,0,0,4,0
1787,15,11,955,0,1,2,0
1788,17,6,721,3,2,0,0
1789,4,2,144,0,0,0,0
1790,1,1,45,0,0,0,0
1791,31,23,2021,3,2,5,0
1792,16,8,741,0,0,1,0
1793,33,22,2132,1,1,9,1
1794,23,15,1338,0,0,7,0
1795,22,15,1208,0,2,1,0
1796,33,26,2341,4,5,2,0
1797,33,31,2751,1,1,10,0
1798,6,0,84,0,0,1,0
1799,37,37,3319,1,0,6,0
1800,35,12,1375,5,1,4,0
1801,5,5,441,0,0,2,0
1802,31,24,2104,5,2,3,0
1803,14,10,946,0,0,3,0
1804,22,13,1039,0,1,2,0
1805,11,2,204,2,1,0,0
1806,16,1,347,1,0,2,0
1807,17,8,622,1,0,3,0
1808,25,20,1849,0,1,7,0
1809,24,12,1045,0,1,2,0
1810,1,0,28,0,0,0,0
1811,7,1,151,0,0,0,0
1812,22,14,1190,0,1,4,0
1813,15,10,899,1,0,4,0
1814,9,8,753,0,0,0,0
1815,33,33,2939,0,0,0,0
1816,6,5,475,0,0,0,0
1817,30,12,1225,1,4,3,0
1818,24,24,2017,2,1,6,1
1819,14,12,1078,2,1,0,0
1820,19,19,1692,4,2,5,0
1821,31,8,964,8,1,1,0
1822,21,13,1098,0,0,5,0
1823,21,18,1415,3,0,3,0
1824,37,37,3228,4,5,10,0
1825,23,4,610,0,1,2,0
1826,35,28,2588,1,3,5,0
1827,2,0,36,0,0,0,0
1828,18,18,1620,0,0,1,0
1829,36,36,3188,2,0,6,0
1830,29,24,2058,7,2,1,2
1831,35,31,2360,8,12,4,0
1832,1,0,3,0,0,0,0
1833,29,19,1571,0,2,5,0
1834,25,21,1798,12,2,3,0
1835,9,0,168,0,0,0,0
1836,10,3,386,1,1,0,0
1837,1,1,90,0,0,0,0
1838,2,2,180,0,0,0,0
1839,6,0,127,0,0,0,0
1840,11,11,952,1,2,1,1
1841,8,2,296,0,0,0,0
1842,32,32,2607,1,4,7,0
1843,35,35,3082,1,2,4,0
1844,28,25,2188,3,4,6,0
1845,38,38,3420,0,1,2,0
1846,11,2,306,0,0,0,0
1847,2,0,13,0,0,1,0
1848,19,9,828,2,1,0,0
1849,8,3,181,0,0,0,0
1850,22,16,1308,0,0,3,1
1851,26,25,2306,1,2,1,0
1852,15,5,383,1,0,2,0
1853,12,4,430,2,0,1,0
1854,32,31,2649,11,2,5,0
1855,31,26,2107,6,4,1,0
1856,3,2,154,0,0,0,0
1857,1,0,22,0,0,0,0
1858,26,24,2110,1,0,3,0
1859,31,23,2175,1,1,5,1
1860,17,8,916,0,0,1,0
1861,23,15,1278,1,0,3,0
1862,15,3,424,1,0,0,0
1863,35,27,2409,1,1,5,1
1864,23,22,1932,3,0,5,0
1865,33,29,2430,9,0,3,0
1866,15,4,441,0,0,0,0
1867,27,11,1061,1,0,2,0
1868,28,28,2324,0,5,8,0
1869,8,3,401,0,0,0,0
1870,18,12,1131,1,2,2,0
1871,9,4,406,0,0,1,0
1872,30,26,2143,8,4,4,0
1873,31,26,2345,10,4,5,1
1874,5,0,126,0,0,0,0
1875,10,6,479,0,0,1,0
1876,31,28,2459,0,0,4,0
1877,1,1,71,0,0,0,0
1878,1,0,3,0,0,0,0
1879,11,5,487,1,1,1,0
1880,4,1,187,0,0,0,0
1881,24,24,2137,0,1,3,0
1882,28,13,1283,2,4,1,0
1883,2,2,180,0,0,0,0
1884,35,24,2269,4,6,8,0
1885,24,8,969,0,2,2,0
1886,22,22,1980,0,0,0,0
1887,18,2,382,0,1,1,0
1888,29,22,1844,3,8,1,0
1889,30,27,2312,1,1,14,0
1890,18,1,216,0,0,2,0
1891,11,7,688,0,0,1,1
1892,8,2,289,0,0,0,0
1893,1,0,13,0,0,0,0
1894,31,30,2726,0,0,2,0
1895,22,19,1707,1,0,4,1
1896,24,8,943,3,1,0,0
1897,6,6,518,0,0,3,1
1898,7,7,623,0,1,0,0
1899,19,19,1639,0,0,0,0
1900,35,33,2861,4,2,7,1
1901,8,0,154,0,0,1,0
1902,2,0,35,0,0,1,0
1903,24,17,1553,1,6,8,1
1904,16,0,394,1,0,1,0
1905,13,9,858,0,0,2,0
1906,1,0,12,0,0,0,0
1907,26,10,952,3,2,1,0
1908,29,9,1034,3,1,6,1
1909,12,4,382,0,0,1,0
1910,27,9,921,3,2,2,0
1911,26,19,1509,4,1,3,0
1912,19,3,467,3,0,1,0
1913,16,14,1166,4,1,2,0
1914,6,0,80,0,0,0,0
1915,14,8,719,0,0,0,0
1916,30,8,861,2,2,2,0
1917,5,2,237,0,0,0,0
1918,1,0,16,0,0,0,0
1919,24,16,1129,3,0,6,0
1920,23,13,1052,3,1,2,0
1921,34,34,3060,0,1,0,0
1922,3,0,12,0,0,0,0
1923,26,19,1674,1,6,4,0
1924,30,8,1133,5,2,8,0
1925,10,7,645,0,0,4,0
1926,25,16,1558,3,3,0,0
1927,26,11,895,4,2,1,0
1928,30,30,2673,0,0,2,0
1929,20,10,887,1,2,4,0
1930,27,20,1689,1,0,11,0
1931,21,16,1460,6,1,3,1
1932,2,2,125,0,0,2,0
1933,34,34,2819,5,4,8,1
1934,20,17,1571,2,0,5,0
1935,21,11,938,2,2,1,0
1936,35,35,3122,0,2,6,0
1937,21,13,1077,1,1,4,0
1938,7,1,165,0,0,1,0
1939,36,36,3240,0,0,0,0
1940,2,2,175,0,1,0,0
1941,29,24,1952,6,1,1,0
1942,16,9,850,1,0,0,0
1943,3,2,195,0,0,0,0
1944,2,0,43,0,0,1,0
1945,29,26,2213,0,2,0,0
1946,5,3,238,0,0,0,0
1947,2,0,19,0,0,0,0
1948,1,0,8,0,0,1,0
1949,17,1,416,1,0,5,0
1950,11,5,414,1,0,0,0
1951,4,0,40,0,0,0,0
1952,19,12,1125,1,0,4,0
1953,1,0,2,0,0,0,0
1954,25,25,2250,0,0,1,0
1955,22,20,1695,1,0,5,1
1956,1,1,54,0,0,0,0
1957,10,3,299,0,2,0,0
1958,22,7,857,1,1,2,0
1959,13,4,528,0,0,0,0
1960,13,7,670,0,1,1,0
1961,34,28,2334,12,15,3,0
1962,17,12,1017,0,1,2,0
1963,21,21,1890,0,1,6,0
1964,32,26,2370,0,2,4,0
1965,25,13,1212,10,3,1,0
1966,4,1,226,0,0,0,0
1967,1,0,8,0,0,0,0
1968,22,21,1799,0,0,1,0
1969,12,11,978,0,0,0,1
1970,10,6,539,0,0,5,1
1971,31,9,957,4,1,1,1
1972,26,20,1617,3,0,4,0
1973,34,34,3060,0,0,0,0
1974,9,2,304,0,0,1,0
1975,12,3,422,5,0,0,0
1976,6,1,110,0,0,0,0
1977,25,11,1050,4,1,4,0
1978,2,0,25,0,0,0,0
1979,31,30,2586,0,1,8,0
1980,33,28,2453,9,5,5,1
1981,13,13,1169,0,2,2,1
1982,9,2,273,0,0,0,0
1983,4,0,36,0,0,0,0
1984,1,0,3,0,0,0,0
1985,3,2,186,2,0,1,0
1986,13,7,687,4,0,2,0
1987,25,25,2222,5,0,4,2
1988,22,21,1861,0,0,6,0
1989,2,0,49,0,0,0,0
1990,37,29,2315,3,3,3,0
1991,37,35,2966,5,4,8,0
1992,30,23,1878,15,4,2,0
1993,13,12,1100,0,0,1,0
1994,5,4,353,0,1,0,0
1995,9,1,257,1,0,0,0
1996,20,20,1654,1,0,1,1
1997,3,2,172,0,0,0,0
1998,30,27,2267,1,0,6,1
1999,14,0,134,1,0,0,0
2000,1,0,5,0,0,0,0
2001,3,3,179,0,0,1,1
2002,1,0,14,0,0,0,0
2003,32,21,2005,7,4,3,0
2004,17,3,471,1,1,1,0
2005,12,5,391,0,1,2,0
2006,11,3,299,0,0,1,0
2007,3,0,50,0,0,0,0
2008,10,4,343,0,0,1,0
2009,9,1,151,0,0,2,0
2010,6,5,487,0,0,0,0
2011,1,1,90,0,0,0,0
2012,28,28,2344,1,3,7,0
2013,35,28,2250,9,3,4,1
2014,5,0,103,0,0,1,0
2015,11,3,353,0,0,0,0
2016,11,3,391,0,0,0,0
2017,11,8,757,0,0,1,0
2018,9,6,528,2,0,0,0
2019,14,9,854,0,0,3,0
2020,28,23,2132,0,1,2,0
2021,1,1,90,0,0,0,0
2022,5,3,321,0,0,0,0
2023,9,0,116,0,0,0,0
2024,24,11,1155,1,6,2,0
2025,8,5,446,0,0,2,0
2026,2,0,11,0,0,0,0
2027,35,25,2162,4,4,5,0
2028,1,1,90,0,0,0,0
2029,9,2,222,0,0,0,0
2030,17,6,673,0,0,2,1
2031,26,23,2017,0,2,9,0
2032,1,0,5,0,0,0,0
2033,13,13,1170,0,0,2,0
2034,37,36,3191,15,8,7,0
2035,31,26,2113,2,1,5,0
2036,14,2,267,0,0,1,0
2037,33,27,2380,4,0,10,0
2038,23,21,1812,3,0,4,1
2039,2,2,123,0,1,1,0
2040,22,15,1373,3,1,4,0
2041,36,26,2273,3,3,8,0
2042,1,1,71,0,0,0,0
2043,25,11,1049,2,0,3,0
2044,35,31,2797,4,2,4,0
2045,34,23,1967,3,4,1,0
2046,8,4,408,1,0,1,0
2047,31,30,2334,1,6,4,0
2048,10,5,607,1,0,2,0
2049,3,3,270,0,0,0,0
2050,10,3,347,0,1,1,0
2051,23,18,1584,0,1,4,0
2052,21,18,1451,1,0,2,0
2053,24,21,1864,2,1,3,1
2054,26,1,445,2,0,5,0
2055,25,16,1381,1,1,5,0
2056,9,4,447,0,0,0,0
2057,35,30,2687,6,8,6,0
2058,7,2,235,0,0,0,0
2059,29,15,1362,0,0,3,0
2060,12,4,460,0,2,0,0
2061,37,35,2879,4,5,3,0
2062,30,6,1102,10,1,2,0
2063,1,0,10,0,0,0,0
2064,31,27,2298,1,1,7,0
2065,7,6,380,1,0,0,0
2066,18,10,908,0,1,2,0
2067,1,0,16,0,0,0,0
2068,11,5,414,3,0,2,0
2069,25,20,1626,2,1,4,0
2070,22,10,1067,0,4,5,0
2071,13,8,737,3,1,2,0
2072,2,0,45,0,0,0,0
2073,3,1,129,0,0,1,0
2074,4,2,205,0,0,1,0
2075,20,12,1113,1,0,3,0
2076,1,0,8,0,0,0,0
2077,16,15,1396,0,0,1,0
2078,25,7,775,0,0,1,0
2079,28,15,1500,3,6,3,0
2080,26,14,1134,1,1,1,0
2081,5,0,152,0,0,0,0
2082,2,0,14,0,0,0,0
2083,33,25,2013,2,4,7,0
2084,29,18,1571,2,7,4,0
2085,35,32,2665,1,3,10,0
2086,10,4,388,0,0,1,0
2087,2,0,31,0,0,0,0
2088,3,3,270,0,0,1,0
2089,30,22,1970,19,2,4,0
2090,27,15,1431,3,0,2,0
2091,26,4,570,0,0,1,0
2092,16,13,1114,1,0,4,0
2093,19,14,1191,2,0,6,0
2094,30,28,2558,0,0,2,0
2095,2,2,180,0,0,0,0
2096,2,2,180,0,0,0,0
2097,5,5,450,0,0,0,0
2098,28,22,2002,2,2,8,1
2099,33,33,2970,0,0,1,0
2100,34,31,2691,10,11,2,0
2101,26,20,1857,0,3,6,0
2102,1,0,6,0,0,0,0
2103,11,10,854,0,0,2,0
2104,13,2,335,0,0,1,0
2105,2,0,27,0,0,0,0
2106,31,29,2634,0,3,4,0
2107,31,31,2790,0,0,2,0
2108,35,34,2878,0,3,7,0
2109,1,0,6,0,0,0,0
2110,6,6,540,0,0,0,0
2111,2,0,17,0,0,0,0
2112,19,14,1237,0,0,6,1
2113,11,2,332,0,0,4,1
2114,10,5,474,2,0,1,0
2115,9,5,499,0,0,1,0
2116,37,37,3127,10,1,6,0
2117,18,7,785,1,2,1,0
2118,38,38,3420,0,1,7,0
2119,23,16,1498,0,0,3,0
2120,31,26,2206,7,4,7,0
2121,2,0,83,0,0,0,0
2122,36,22,1937,4,2,6,1
2123,30,21,1723,0,0,2,0
2124,36,33,2850,10,1,4,0
2125,22,21,1913,2,0,2,0
2126,34,25,1934,4,7,11,0
2127,1,0,4,0,0,0,0
2128,28,11,1227,2,1,7,0
2129,2,0,16,0,0,0,0
2130,9,8,736,0,0,0,0
2131,30,24,1902,11,4,3,0
2132,21,13,1178,2,2,6,2
2133,2,0,48,0,0,0,0
2134,20,19,1603,6,0,1,0
2135,37,34,2804,3,4,3,0
2136,1,0,1,0,0,0,0
2137,19,14,1292,0,0,3,1
2138,28,28,2520,0,0,2,0
2139,31,20,1970,2,3,3,0
2140,33,28,2610,2,6,5,0
2141,27,6,779,1,2,4,0
2142,14,7,714,0,0,1,0
2143,5,4,387,0,0,0,0
2144,10,2,273,0,0,1,0
2145,22,2,378,2,0,1,0
2146,30,21,1715,1,0,7,0
2147,23,19,1566,0,1,1,0
2148,12,8,570,0,0,1,0
2149,24,3,456,2,0,4,0
2150,5,1,121,0,0,1,0
2151,2,2,174,0,0,0,0
2152,29,29,2610,0,0,0,0
2153,5,2,161,0,0,0,0
2154,35,35,2974,12,4,8,0
2155,10,5,396,0,1,0,0
2156,1,0,7,0,0,0,0
2157,34,29,2478,11,9,1,0
2158,13,4,495,0,0,2,0
2159,27,17,1747,2,2,8,0
2160,29,24,1879,8,6,6,0
2161,29,27,2485,9,4,4,0
2162,15,15,1350,0,0,1,0
2163,18,14,1058,0,0,4,0
2164,2,1,145,0,0,0,0
2165,1,1,90,0,0,0,0
2166,36,36,3207,2,0,7,1
2167,9,0,94,0,0,0,0
2168,29,21,1807,1,1,4,0
2169,19,2,478,0,0,2,1
2170,31,25,2034,9,3,6,0
2171,3,2,204,1,0,1,0
2172,22,12,1066,10,3,1,0
2173,30,30,2700,0,0,2,0
2174,29,19,1623,1,3,4,1
2175,35,34,2981,0,3,7,0
2176,2,0,20,0,0,1,0
2177,29,14,1318,0,3,1,2
2178,36,32,2839,18,9,4,0
2179,15,12,978,4,1,2,0
2180,10,4,444,2,2,0,0
2181,26,11,1103,6,1,1,0
2182,35,34,3065,2,3,5,0
2183,32,5,750,4,0,1,0
2184,22,21,1783,1,5,5,0
2185,12,11,1056,0,0,0,0
2186,13,7,724,1,0,3,0
2187,38,38,3420,0,0,3,0
2188,8,4,385,0,0,1,0
2189,27,7,788,1,0,3,2
2190,12,0,108,0,0,2,0
2191,1,0,1,0,0,0,0
2192,4,1,196,0,0,2,0
2193,37,36,3128,10,4,2,1
2194,12,12,1034,0,0,0,1
2195,1,0,1,0,0,0,0
2196,27,21,1830,2,1,1,0
2197,32,26,2417,0,1,11,0
2198,36,36,3240,0,0,0,0
2199,14,5,469,0,1,0,0
2200,1,0,10,0,0,0,0
2201,29,29,2543,0,1,2,0
2202,36,32,2383,25,8,3,0
2203,27,22,1785,1,1,8,0
2204,16,3,350,2,0,3,0
2205,1,1,90,0,0,0,0
2206,30,30,2700,1,1,10,0
2207,34,34,2825,1,1,8,1
2208,35,33,2825,4,7,7,1
2209,24,22,1922,1,0,4,1
2210,26,10,1024,1,1,6,0
2211,15,4,504,4,1,2,0
2212,33,32,2819,0,3,9,1
2213,21,8,867,1,3,1,0
2214,2,2,180,0,0,0,0
2215,1,0,23,0,0,0,0
2216,36,33,2831,5,3,6,0
2217,16,4,516,0,1,0,0
2218,5,0,69,0,0,0,0
2219,10,6,429,0,1,1,0
2220,21,11,922,1,0,1,0
2221,1,0,20,0,0,0,0
2222,13,8,696,0,1,4,0
2223,33,29,2482,0,1,3,1
2224,36,35,3167,0,10,8,0
2225,4,1,137,0,0,0,0
2226,14,11,906,2,2,4,0
2227,3,1,73,0,0,0,0
2228,3,1,118,0,0,0,0
2229,2,1,122,0,0,1,0
2230,1,0,20,0,0,0,0
2231,22,7,852,2,0,6,0
2232,29,12,1330,1,4,6,1
2233,1,0,21,0,0,0,0
2234,17,10,927,0,0,3,0
2235,37,26,2162,4,7,5,0
2236,1,1,37,0,0,0,0
2237,23,16,1149,0,1,6,0
2238,6,1,140,0,0,1,0
2239,36,26,2514,3,2,7,0
2240,21,15,1111,2,0,0,0
2241,21,21,1758,0,3,2,0
2242,18,15,1274,0,1,0,0
2243,30,22,1928,6,5,0,0
2244,19,11,1101,0,2,2,0
2245,7,2,298,0,0,0,0
2246,37,37,3114,8,10,10,0
2247,19,11,965,0,1,2,0
2248,32,31,2672,2,0,4,2
2249,7,7,630,0,0,0,0
2250,34,28,2554,2,1,7,0
2251,18,18,1416,1,0,3,0
2252,31,26,2156,4,2,10,1
2253,6,2,199,0,0,0,0
2254,25,17,1356,0,0,5,0
2255,25,17,1562,3,1,5,0
2256,36,34,3058,4,4,5,0
2257,22,14,1235,4,0,4,0
2258,29,21,1775,3,1,6,1
2259,26,21,1734,2,2,3,0
2260,25,13,1249,1,0,2,0
2261,32,28,2595,1,2,8,0
2262,26,19,1670,3,3,4,1
2263,11,11,972,0,0,3,0
2264,18,14,1212,1,0,1,0
2265,5,1,210,0,0,0,0
2266,7,1,136,0,0,0,0
2267,33,31,2718,0,3,13,0
2268,28,6,807,3,3,2,0
2269,38,38,3406,1,3,2,0
2270,1,0,8,0,0,0,0
2271,29,26,2291,0,0,3,0
2272,30,19,1751,0,3,2,0
2273,29,13,1313,1,3,5,0
2274,23,17,1346,4,0,3,0
2275,1,0,18,0,0,0,0
2276,30,21,1923,4,5,1,0
2277,34,34,3060,0,0,1,0
2278,28,19,1656,5,3,2,0
2279,14,14,1260,0,0,0,0
2280,29,27,2259,2,3,6,1
2281,28,28,2520,0,0,2,0
2282,29,29,2609,0,0,2,0
2283,18,10,900,3,2,1,0
2284,22,20,1581,0,1,1,0
2285,15,7,653,0,0,1,0
2286,34,23,2058,0,2,3,0
2287,26,18,1616,1,0,3,0
2288,16,14,1233,0,1,1,0
2289,16,9,825,5,0,4,0
2290,7,2,227,0,0,1,0
2291,22,17,1389,7,3,4,0
2292,1,1,90,0,0,0,0
2293,23,19,1690,1,0,4,1
2294,10,9,879,0,0,0,0
2295,27,24,2141,2,0,10,0
2296,3,3,140,0,0,1,0
2297,30,10,1293,3,3,1,0
2298,24,11,905,3,0,4,0
2299,16,11,1018,1,0,3,0
2300,25,20,1729,6,10,3,0
2301,1,0,1,0,0,0,0
2302,8,3,261,0,0,3,0
2303,2,0,72,0,0,0,0
2304,12,4,358,1,1,0,0
2305,38,38,3371,29,18,1,0
2306,3,2,152,0,1,0,0
2307,17,2,373,0,0,0,0
2308,4,0,43,0,0,0,0
2309,31,25,2238,3,2,6,0
2310,30,26,2314,2,1,4,0
2311,35,35,3039,2,0,2,1
2312,15,11,1023,1,0,2,0
2313,2,0,46,0,0,0,0
2314,13,9,797,0,0,3,0
2315,31,7,1169,2,1,3,0
2316,8,6,290,0,0,0,0
2317,2,0,33,0,0,0,0
2318,27,12,1149,2,3,4,0
2319,17,17,1529,0,0,3,0
2320,15,15,1350,0,0,1,0
2321,22,16,1471,0,2,4,0
2322,17,2,387,0,0,0,0
2323,18,9,728,2,0,1,0
2324,26,16,1318,2,1,2,0
2325,29,19,1620,15,1,2,0
2326,13,6,437,0,0,0,0
2327,33,12,1395,0,0,3,0
2328,32,11,1404,2,1,4,0
2329,25,25,2026,2,0,6,0
2330,32,18,1722,4,4,6,1
2331,33,30,2634,1,0,6,1
2332,32,32,2880,0,0,5,0
2333,31,19,1764,3,4,2,0
2334,27,16,1400,1,0,2,0
2335,7,5,453,0,0,1,0
2336,30,17,1637,11,5,2,0
2337,16,16,1244,3,0,4,1
2338,13,7,590,0,1,3,0
2339,26,10,1158,0,2,3,0
2340,16,7,754,1,1,0,0
2341,34,34,3043,0,0,3,0
2342,6,3,235,3,0,0,0
2343,5,0,65,0,0,1,0
2344,13,11,927,0,0,1,0
2345,10,5,482,0,1,1,0
2346,19,4,372,0,0,5,0
2347,32,32,2855,10,3,8,0
2348,9,8,765,0,0,0,0
2349,7,4,404,0,0,1,0
2350,23,7,814,3,2,3,0
2351,1,0,9,0,0,0,0
2352,32,25,1907,4,1,1,0
2353,38,30,2711,8,6,4,0
2354,21,15,1385,0,0,0,0
2355,27,27,2365,0,1,4,0
2356,7,0,88,0,0,0,0
2357,12,12,1080,0,0,1,0
2358,31,27,2363,2,5,4,1
2359,29,21,1766,1,8,3,0
2360,28,19,1724,2,1,5,0
2361,1,0,3,0,0,0,0
2362,32,30,2578,0,0,6,0
2363,6,4,272,0,0,2,0
2364,1,0,6,0,0,0,0
2365,15,7,665,0,0,1,0
2366,3,0,34,0,1,0,0
2367,38,26,2293,11,2,3,0
2368,26,17,1534,1,1,3,0
2369,34,33,2934,4,0,9,1
2370,31,19,1684,21,0,4,0
2371,13,0,247,0,0,1,0
2372,16,12,1122,0,0,2,0
2373,4,2,181,0,0,1,0
2374,18,15,1297,3,1,4,1
2375,23,23,1982,0,4,7,2
2376,12,0,103,0,0,0,0
2377,32,32,2834,5,4,4,0
2378,9,2,205,0,1,0,0
2379,33,32,2681,4,3,8,0
2380,12,3,306,0,0,3,0
2381,6,6,540,0,0,0,0
2382,25,13,1153,3,3,1,0
2383,20,8,755,0,0,3,0
2384,13,13,1170,0,0,0,0
2385,1,1,90,0,0,0,0
2386,13,1,190,0,0,0,0
2387,9,7,594,0,0,1,1
2388,1,1,90,0,0,0,0
2389,11,10,803,0,0,4,0
2390,30,20,2084,0,0,2,0
2391,15,9,887,0,0,1,0
2392,38,38,3420,0,0,4,0
2393,34,32,2886,0,4,8,0
2394,37,36,3203,11,5,9,0
2395,10,1,227,0,0,3,0
2396,17,13,1106,0,0,5,0
2397,12,2,274,1,0,0,0
2398,22,16,1376,2,1,4,1
2399,36,33,2957,2,0,2,1
2400,4,1,112,0,0,0,0
2401,33,30,2380,13,5,2,1
2402,16,7,580,4,2,1,0
2403,31,12,1098,3,4,2,0
2404,7,4,349,0,0,1,0
2405,7,7,621,0,0,0,0
2406,27,11,1097,4,4,1,0
2407,28,24,2101,0,3,1,0
2408,27,5,762,2,2,2,0
2409,2,2,152,0,0,0,0
2410,29,27,2402,5,1,4,0
2411,16,14,1182,0,0,4,0
2412,1,0,1,0,0,0,0
2413,21,8,801,2,0,2,0
2414,7,4,375,1,0,1,0
2415,8,0,132,1,2,0,0
2416,33,29,2670,4,4,7,0
2417,27,21,1929,0,6,3,0
2418,24,22,1866,10,3,7,0
2419,31,5,854,3,1,5,0
2420,2,0,30,0,0,0,0
2421,15,15,1350,0,0,1,0
2422,5,5,450,0,0,0,0
2423,27,14,1238,7,2,2,0
2424,1,1,54,0,0,0,0
2425,30,1,419,1,1,1,0
2426,33,26,1926,2,6,4,0
2427,32,31,2609,8,10,2,0
2428,21,21,1890,0,0,0,0
2429,25,25,2150,10,6,5,0
2430,2,1,96,0,0,1,0
2431,26,14,1250,2,2,3,0
2432,34,25,2299,5,8,5,0
2433,27,23,2096,1,2,4,0
2434,12,1,236,1,1,0,0
2435,2,1,91,0,0,0,0
2436,1,0,59,0,0,0,0
2437,13,6,614,0,0,2,0
2438,1,0,3,0,0,0,0
2439,20,8,819,3,1,1,0
2440,32,30,2610,2,1,11,1
2441,4,0,47,0,0,0,0
2442,32,32,2810,0,0,6,1
2443,33,11,1164,0,2,1,0
2444,30,26,2231,1,2,6,0
2445,24,10,1129,0,0,8,0
2446,16,14,1227,1,0,4,0
2447,11,11,927,0,0,0,1
2448,27,27,2364,0,0,1,0
2449,12,4,535,1,1,0,0
2450,15,11,852,2,2,1,0
2451,5,4,382,0,0,1,0
2452,24,15,1323,6,3,0,0
2453,1,0,5,0,0,0,0
2454,18,6,690,1,0,1,0
2455,25,19,1590,0,0,7,0
2456,32,32,2827,1,1,7,0
2457,5,3,209,0,0,0,0
2458,34,25,2043,6,3,3,0
2459,9,7,630,0,0,2,0
2460,10,0,95,0,0,2,0
2461,37,36,2989,4,0,6,0
2462,19,13,1029,0,1,4,0
2463,1,0,13,0,0,0,0
2464,27,25,2201,9,3,0,0
2465,21,8,760,0,0,2,0
2466,31,14,1409,1,1,6,0
2467,3,0,11,0,0,0,0
2468,19,19,1672,1,2,3,1
2469,19,3,535,1,0,3,0
2470,1,0,28,0,0,0,0
2471,32,32,2880,0,0,0,0
2472,38,38,3420,0,0,2,0
2473,6,6,540,0,0,1,1
2474,19,14,1181,0,0,0,0
2475,19,1,295,1,0,1,0
2476,24,15,1254,0,0,5,0
2477,31,22,1794,1,1,2,1
2478,18,8,833,1,1,1,0
2479,6,1,123,0,0,0,0
2480,35,30,2567,9,1,8,0
2481,27,22,1781,5,5,3,0
2482,31,25,2171,0,0,8,0
2483,29,21,1902,5,4,0,0
2484,30,24,2062,2,1,5,0
2485,12,11,1018,0,1,2,0
2486,9,9,799,1,0,1,0
2487,25,19,1792,1,2,4,1
2488,27,17,1517,1,1,1,0
2489,2,1,126,0,0,0,0
2490,30,29,2585,1,2,8,0
2491,28,26,2204,10,5,10,0
2492,14,9,876,0,2,0,0
2493,16,16,1367,0,0,1,0
2494,1,0,1,0,0,0,0
2495,28,26,2270,1,0,5,0
2496,26,25,2106,0,1,6,1
2497,28,23,1887,12,4,4,0
2498,2,2,180,0,0,0,0
2499,23,9,944,3,0,1,0
2500,10,4,290,0,0,0,0
2501,19,17,1389,1,0,2,2
2502,12,11,852,1,2,0,1
2503,17,7,499,0,2,1,0
2504,2,0,24,0,0,1,0
2505,1,0,1,0,0,0,0
2506,12,4,389,1,0,1,0
2507,32,31,2741,1,8,6,0
2508,31,16,1551,3,3,3,0
2509,16,6,699,0,1,1,0
2510,1,0,3,0,0,0,0
2511,10,10,900,0,0,1,0
2512,11,6,548,2,0,1,0
2513,35,30,2587,14,4,4,0
2514,37,32,2619,6,4,5,0
2515,32,6,1078,11,2,4,0
2516,30,30,2460,0,0,12,0
2517,21,7,608,1,1,0,0
2518,30,23,2163,0,6,0,0
2519,29,21,1792,1,1,4,0
2520,30,16,1557,1,1,4,0
2521,15,12,1053,0,0,1,0
2522,9,3,283,2,0,1,0
2523,26,17,1402,1,1,2,0
2524,19,7,786,1,1,2,0
2525,31,27,2080,0,1,7,1
2526,16,4,606,0,2,3,0
2527,37,37,3314,0,0,2,1
2528,20,14,1219,3,1,4,0
2529,12,8,781,1,3,0,0
2530,16,12,1117,1,0,3,0
2531,38,38,3420,0,0,1,0
2532,16,15,1314,1,0,1,0
2533,32,15,1348,4,5,1,0
2534,21,10,950,1,0,2,1
2535,19,15,1156,1,0,2,0
2536,29,17,1583,5,1,5,0
2537,15,15,1350,0,0,0,0
2538,20,13,992,4,0,2,0
2539,36,29,2491,6,6,6,0
2540,35,15,1566,20,2,4,0
2541,15,12,1116,2,1,3,0
2542,11,7,567,1,0,1,0
2543,22,6,821,3,1,0,0
2544,24,22,1902,3,1,7,0
2545,33,33,2970,3,0,3,0
2546,20,9,649,0,0,3,0
2547,2,2,180,0,0,1,0
2548,34,28,2424,1,0,8,0
2549,29,29,2507,0,0,4,0
2550,24,13,1252,2,4,0,0
2551,25,7,807,1,2,1,0
2552,2,0,21,0,0,0,0
2553,14,12,990,0,0,0,0
2554,33,33,2922,1,1,6,0
2555,34,34,3026,2,0,7,0
2556,23,22,1686,0,8,4,1
2557,29,20,1939,3,5,6,0
2558,8,3,356,0,0,1,0
2559,32,4,860,1,0,4,0
2560,24,6,660,1,0,4,1
2561,36,36,3167,2,3,7,1
2562,27,21,1899,0,0,3,0
2563,32,31,2689,0,0,5,0
2564,28,13,1238,1,4,2,0
2565,4,0,49,0,0,0,0
2566,13,11,911,2,1,2,0
2567,8,2,256,0,1,0,0
2568,27,17,1359,2,4,1,0
2569,34,33,2922,2,1,11,0
2570,1,1,90,0,1,0,0
2571,25,20,1517,6,1,2,0
2572,8,8,674,0,0,0,0
2573,13,6,539,0,0,3,0
2574,3,3,270,0,0,0,0
2575,11,1,131,0,0,1,0
2576,15,15,1219,4,1,1,0
2577,15,7,584,2,1,1,0
2578,25,13,1234,1,0,3,0
2579,22,21,1774,0,2,5,0
2580,17,9,750,1,0,1,0
2581,16,8,569,1,0,2,1
2582,25,24,1956,8,3,0,0
2583,31,31,2704,0,0,6,1
2584,1,0,22,0,0,0,0
2585,8,1,175,0,0,0,0
2586,22,19,1806,0,0,2,0
2587,1,0,4,0,0,0,0
2588,14,13,1110,0,0,3,0
2589,25,15,1321,1,3,3,0
2590,33,31,2615,3,7,7,0
2591,30,22,1898,0,1,6,0
2592,35,26,2326,4,5,5,0
2593,31,26,2200,14,4,1,0
2594,11,8,755,0,0,4,0
2595,36,35,3026,3,7,4,0
2596,13,2,259,1,0,0,0
2597,34,19,1686,7,2,4,0
2598,30,27,2417,1,3,7,0
2599,27,20,1825,0,0,3,0
2600,4,1,137,0,0,1,0
2601,12,3,375,0,1,3,0
2602,32,27,2329,7,4,4,0
2603,11,9,737,0,2,0,0
2604,11,2,468,0,0,1,0
2605,2,0,22,0,0,0,0
2606,32,23,1884,6,1,7,0
2607,1,0,7,0,0,0,0
2608,22,19,1593,0,1,4,1
2609,36,28,2630,4,2,5,0
2610,1,0,11,0,0,0,0
2611,10,4,310,3,1,0,0
2612,18,15,1387,0,0,5,0
2613,27,12,1106,10,6,1,1
2614,24,23,2020,0,0,2,0
2615,35,35,2957,3,0,10,0
2616,1,0,1,0,0,0,0
2617,28,26,2324,10,1,5,0
2618,13,7,609,0,3,1,0
2619,8,2,300,0,0,2,0
2620,1,0,6,0,0,0,0
2621,12,11,733,1,0,2,2
2622,15,6,561,0,1,2,0
2623,6,3,335,0,1,1,0
2624,36,18,1772,2,7,3,0
2625,1,0,1,0,0,0,0
2626,11,9,700,0,1,2,0
2627,30,30,2616,0,1,7,0
2628,26,26,2295,0,0,0,0
2629,5,5,450,0,0,0,0
2630,19,6,496,1,0,1,0
2631,33,33,2881,0,2,2,0
2632,1,0,4,0,0,0,0
2633,26,20,1740,0,3,5,0
2634,25,14,1309,0,3,1,0
2635,38,28,2546,8,7,4,1
2636,33,31,2752,2,2,3,0
2637,18,9,837,0,1,2,0
2638,27,23,1913,2,5,1,0
2639,22,20,1710,0,1,5,1
2640,30,30,2676,0,0,1,0
2641,21,11,942,0,0,4,0
2642,30,26,2274,2,1,8,0
2643,33,30,2486,4,6,8,2
2644,25,24,1924,0,1,2,0
2645,29,22,1785,1,2,11,0
2646,26,18,1655,1,1,7,0
2647,26,24,1903,1,2,4,0
2648,1,1,90,0,0,0,0
2649,17,2,345,2,1,2,0
2650,27,20,1726,9,3,4,0
2651,2,0,31,0,0,0,0
2652,20,20,1759,2,0,6,0
2653,7,1,247,1,0,2,0
2654,8,6,500,0,0,1,0
2655,8,8,720,0,0,0,0
2656,20,6,675,4,1,1,0
2657,26,19,1834,1,1,4,0
2658,20,18,1556,1,0,6,1
2659,34,18,1835,0,0,5,0
2660,14,13,1129,0,0,5,1
2661,8,1,148,0,0,0,0
2662,35,34,2873,2,6,1,0
2663,31,31,2763,3,0,4,0
2664,15,12,1030,0,0,2,0
2665,4,1,138,0,1,0,0
2666,5,0,40,0,0,1,0
2667,36,34,3032,6,4,4,0
2668,20,14,1257,0,1,3,0
2669,2,1,97,0,0,0,0
2670,13,11,872,1,0,4,1
2671,37,37,3330,3,1,5,0
2672,29,23,2064,1,3,6,1
2673,6,4,429,0,0,0,0
2674,35,35,2823,9,4,5,0
2675,11,9,671,2,1,0,0
2676,8,3,305,0,0,3,0
2677,33,33,2969,0,0,2,1
2678,32,32,2880,0,0,2,0
2679,36,34,3041,3,0,9,0
2680,29,27,2461,2,0,4,0
2681,34,18,1742,2,2,8,1
2682,2,0,75,0,0,1,0
2683,19,10,919,0,0,3,0
2684,32,25,2189,1,5,4,0
2685,20,7,877,2,3,7,0
2686,13,2,374,0,0,0,0
2687,7,1,181,0,0,2,0
2688,13,12,1093,0,1,2,0
2689,27,10,1127,1,0,3,0
2690,14,11,1029,0,1,1,0
2691,21,19,1697,0,0,5,0
2692,13,12,1015,0,2,4,0
2693,6,1,167,2,0,0,0
2694,15,2,364,0,0,1,0
2695,36,36,3240,0,1,5,0
2696,9,0,115,0,0,1,0
2697,27,19,1553,2,0,3,0
2698,28,18,1572,0,2,7,0
2699,17,7,718,1,0,2,0
2700,25,10,988,0,0,1,0
2701,18,16,1391,0,0,5,0
2702,1,0,5,0,0,0,0
2703,24,24,2160,0,0,1,0
2704,37,35,3092,5,5,3,0
2705,21,2,319,2,1,2,0
2706,5,1,124,0,0,0,0
2707,1,0,4,0,0,0,0
2708,4,0,24,0,0,0,0
2709,4,4,360,0,0,0,0
2710,2,1,96,0,0,1,0
2711,17,3,470,0,0,0,0
2712,16,2,333,1,1,2,0
2713,4,4,360,0,0,0,0
2714,3,0,16,0,0,0,0
2715,27,18,1267,3,1,2,0
2716,29,23,1982,0,2,5,0
2717,30,30,2572,1,0,3,0
2718,25,16,1328,2,3,2,0
2719,29,20,2042,5,1,1,0
2720,32,28,2608,4,0,3,0
2721,2,2,180,0,0,0,0
2722,29,21,1784,10,4,3,0
2723,3,0,60,0,0,0,0
2724,30,23,2117,5,4,0,0
2725,12,8,715,2,0,3,0
2726,10,10,772,0,0,2,0
2727,18,16,1367,1,0,6,0
2728,17,12,1105,0,0,4,0
2729,11,8,717,1,2,2,0
2730,4,0,61,0,0,1,0
2731,14,6,556,0,0,1,0
2732,25,17,1636,3,0,2,0
2733,10,2,347,0,0,1,0
2734,12,5,407,0,0,1,0
2735,13,7,574,3,1,1,0
2736,8,1,196,0,0,1,0
2737,33,33,2970,0,0,1,0
2738,15,9,970,0,0,3,0
2739,11,7,659,0,0,1,0
2740,33,33,2918,0,2,5,0
2741,7,7,630,0,0,0,0
2742,29,20,1661,0,0,6,0
2743,2,2,180,0,0,0,0
2744,36,35,3154,2,5,1,0
2745,29,20,1771,3,2,2,0
2746,2,1,135,0,0,0,0
2747,2,1,71,0,0,1,0
2748,15,12,1039,1,1,2,0
2749,9,5,400,0,1,2,1
2750,2,0,16,0,0,0,0
2751,38,31,2598,16,8,2,0
2752,30,18,1638,5,2,4,0
2753,14,11,887,0,0,1,0
2754,33,33,2881,0,2,8,0
2755,25,25,2250,0,0,4,0
2756,23,7,704,3,2,2,0
2757,32,32,2868,5,9,9,1
2758,19,13,1160,1,0,0,0
2759,3,0,80,0,0,0,0
2760,30,24,2115,10,4,5,0
2761,10,6,482,0,0,1,0
2762,18,4,516,0,3,0,0
2763,20,16,1318,0,2,2,0
2764,17,13,1198,0,2,2,0
2765,27,3,504,0,1,3,0
2766,25,10,1015,1,3,6,0
2767,5,1,184,0,0,1,0
2768,6,3,266,0,1,1,0
2769,35,29,2652,6,8,1,0
2770,35,28,2594,1,3,7,0
2771,29,22,1996,5,5,1,0
2772,10,2,257,0,0,0,0
2773,32,11,1086,0,2,4,0
2774,18,2,370,0,0,1,0
2775,25,12,1162,6,1,2,0
2776,29,22,1770,3,4,5,1
2777,31,21,1966,9,3,2,0
2778,22,17,1538,0,2,4,0
2779,4,0,24,0,0,0,0
2780,31,25,2351,10,12,3,0
2781,35,34,2919,19,4,5,0
2782,28,11,1153,2,1,1,0
2783,14,9,852,0,1,1,0
2784,33,32,2706,0,0,8,0
2785,32,28,2144,1,3,2,0
2786,28,17,1622,12,2,5,1
2787,23,17,1263,3,2,2,0
2788,36,35,2959,20,3,1,0
2789,11,9,773,0,0,2,0
2790,20,17,1456,0,0,6,1
2791,15,12,1187,0,0,2,0
2792,33,33,2888,2,7,3,0
2793,35,31,2856,9,13,3,0
2794,1,0,2,0,0,0,0
2795,8,3,313,0,0,2,0
2796,31,15,1450,0,0,6,0
2797,35,18,1915,2,1,10,0
2798,33,11,1226,1,1,6,0
2799,22,14,1083,1,0,7,0
2800,35,28,2402,7,4,2,1
2801,21,12,1165,0,0,5,0
2802,32,19,1875,1,3,7,1
2803,28,26,2320,0,0,4,1
2804,36,35,3109,0,1,4,1
2805,2,0,18,0,0,0,1
2806,34,33,2686,8,6,10,0
2807,2,0,29,0,0,1,0
2808,4,2,183,0,0,0,0
2809,4,1,73,0,0,0,0
2810,29,23,2050,1,2,3,0
2811,19,1,262,0,0,2,0
2812,26,24,2144,6,4,5,0
2813,3,1,73,1,0,0,0
2814,12,4,533,0,0,0,0
2815,11,4,435,1,1,4,0
2816,35,32,2852,6,4,5,0
2817,24,17,1639,1,2,5,0
2818,9,4,343,0,0,2,1
2819,14,0,356,2,2,4,0
2820,31,19,1711,1,0,3,0
2821,7,7,587,3,0,1,0
2822,37,35,3060,2,0,4,0
2823,30,26,2067,4,2,3,0
2824,27,22,1836,1,6,4,0
2825,28,16,1405,2,2,3,1
2826,22,9,896,1,0,0,0
2827,18,18,1541,2,0,5,0
2828,23,13,1415,1,2,2,0
2829,32,32,2880,0,0,3,0
2830,18,17,1518,1,1,4,0
2831,2,0,2,0,0,0,0
2832,8,4,395,0,1,0,0
2833,1,0,12,0,0,0,0
2834,15,15,1221,0,2,7,1
2835,7,5,522,0,0,4,0
2836,34,34,3060,0,0,2,0
2837,18,17,1512,0,0,6,0
2838,12,12,978,4,1,1,0
2839,26,8,980,2,2,0,0
2840,15,5,527,0,1,1,0
2841,1,1,90,0,0,0,0
2842,32,14,1402,3,1,2,0
2843,15,10,958,2,3,0,0
2844,13,7,638,0,0,2,0
2845,35,33,2713,6,2,2,0
2846,3,0,16,0,0,0,0
2847,17,9,976,0,2,3,0
2848,28,27,2269,0,0,6,1
2849,36,33,2962,2,1,6,0
2850,1,0,9,0,0,0,0
2851,5,0,106,0,0,0,0
2852,30,26,2325,3,8,4,0
2853,18,13,1270,4,1,3,0
2854,9,3,268,1,0,1,0
